round,backend,scenario,metric,per_op_p50_ns,per_op_p90_ns
0,btree,w4,get,16.73,18.63
0,btree,w4,best,2.23,2.65
0,btree,w4,range8,25.09,32.90
0,btree,w4,set_working,18.87,23.47
0,btree,w4,reprice_to_top,54.65,83.36
0,btree,w4,roll,37.23,39.28
0,btree,w4,aggressive_in_out,48.97,49.89
0,btree,w16,get,20.70,21.98
0,btree,w16,best,1.85,1.86
0,btree,w16,range8,23.07,23.33
0,btree,w16,set_working,28.58,33.04
0,btree,w16,reprice_to_top,86.70,136.45
0,btree,w16,roll,63.21,73.41
0,btree,w16,aggressive_in_out,66.07,67.26
0,btree,w32,get,25.52,28.26
0,btree,w32,best,2.91,5.14
0,btree,w32,range8,22.11,47.33
0,btree,w32,set_working,31.32,40.88
0,btree,w32,reprice_to_top,116.01,162.49
0,btree,w32,roll,66.45,113.91
0,btree,w32,aggressive_in_out,61.43,96.05
0,btree,w128,get,30.33,31.70
0,btree,w128,best,2.43,2.72
0,btree,w128,range8,32.41,40.45
0,btree,w128,set_working,37.74,44.45
0,btree,w128,reprice_to_top,193.05,276.41
0,btree,w128,roll,84.30,125.16
0,btree,w128,aggressive_in_out,98.67,115.20
0,btree,w512,get,35.88,39.93
0,btree,w512,best,2.43,2.69
0,btree,w512,range8,36.31,36.90
0,btree,w512,set_working,48.80,59.83
0,btree,w512,reprice_to_top,234.63,307.27
0,btree,w512,roll,165.28,192.12
0,btree,w512,aggressive_in_out,173.69,198.24
0,pages,w4,get,13.37,14.05
0,pages,w4,best,8.34,9.68
0,pages,w4,range8,30.16,36.84
0,pages,w4,set_working,15.78,17.14
0,pages,w4,reprice_to_top,35.33,40.77
0,pages,w4,roll,29.75,34.50
0,pages,w4,aggressive_in_out,148.95,161.83
0,pages,w16,get,10.91,11.76
0,pages,w16,best,8.53,9.70
0,pages,w16,range8,30.75,31.62
0,pages,w16,set_working,10.91,11.75
0,pages,w16,reprice_to_top,38.23,40.51
0,pages,w16,roll,30.96,35.13
0,pages,w16,aggressive_in_out,150.06,168.35
0,pages,w32,get,16.31,20.79
0,pages,w32,best,9.93,11.39
0,pages,w32,range8,34.66,39.82
0,pages,w32,set_working,10.08,11.07
0,pages,w32,reprice_to_top,45.80,49.52
0,pages,w32,roll,30.40,35.26
0,pages,w32,aggressive_in_out,150.99,171.65
0,pages,w128,get,13.62,14.38
0,pages,w128,best,8.66,9.77
0,pages,w128,range8,30.62,36.35
0,pages,w128,set_working,14.33,16.16
0,pages,w128,reprice_to_top,61.65,78.39
0,pages,w128,roll,27.84,34.17
0,pages,w128,aggressive_in_out,147.00,164.78
0,pages,w512,get,19.99,22.11
0,pages,w512,best,12.06,18.14
0,pages,w512,range8,39.12,43.76
0,pages,w512,set_working,19.23,21.59
0,pages,w512,reprice_to_top,82.78,98.01
0,pages,w512,roll,30.59,31.09
0,pages,w512,aggressive_in_out,204.86,225.62
0,vecdeque,w4,get,16.36,17.20
0,vecdeque,w4,best,2.39,3.01
0,vecdeque,w4,range8,12.25,13.37
0,vecdeque,w4,set_working,15.76,17.11
0,vecdeque,w4,reprice_to_top,55.92,108.94
0,vecdeque,w4,roll,46.44,48.25
0,vecdeque,w4,aggressive_in_out,51.35,53.71
0,vecdeque,w16,get,14.46,15.04
0,vecdeque,w16,best,2.39,3.05
0,vecdeque,w16,range8,15.21,16.39
0,vecdeque,w16,set_working,14.07,14.50
0,vecdeque,w16,reprice_to_top,74.59,77.15
0,vecdeque,w16,roll,58.12,62.18
0,vecdeque,w16,aggressive_in_out,61.77,65.73
0,vecdeque,w32,get,15.25,15.79
0,vecdeque,w32,best,2.33,2.98
0,vecdeque,w32,range8,15.50,16.55
0,vecdeque,w32,set_working,15.89,16.28
0,vecdeque,w32,reprice_to_top,83.14,86.75
0,vecdeque,w32,roll,60.62,65.71
0,vecdeque,w32,aggressive_in_out,67.94,124.78
0,vecdeque,w128,get,19.50,22.00
0,vecdeque,w128,best,1.89,1.97
0,vecdeque,w128,range8,11.84,12.09
0,vecdeque,w128,set_working,19.08,19.28
0,vecdeque,w128,reprice_to_top,101.14,167.54
0,vecdeque,w128,roll,73.98,75.56
0,vecdeque,w128,aggressive_in_out,74.18,75.10
0,vecdeque,w512,get,21.69,22.31
0,vecdeque,w512,best,2.41,3.04
0,vecdeque,w512,range8,15.55,16.62
0,vecdeque,w512,set_working,24.68,25.05
0,vecdeque,w512,reprice_to_top,155.74,173.95
0,vecdeque,w512,roll,94.04,100.62
0,vecdeque,w512,aggressive_in_out,89.17,89.77
0,flat,w4,get,8.88,9.52
0,flat,w4,best,2.62,3.28
0,flat,w4,range8,9.73,10.57
0,flat,w4,set_working,10.18,11.62
0,flat,w4,reprice_to_top,48.00,124.23
0,flat,w4,roll,44.01,45.82
0,flat,w4,aggressive_in_out,42.20,44.00
0,flat,w16,get,14.48,15.12
0,flat,w16,best,2.52,3.21
0,flat,w16,range8,15.20,15.82
0,flat,w16,set_working,12.34,12.80
0,flat,w16,reprice_to_top,66.13,67.19
0,flat,w16,roll,52.04,53.42
0,flat,w16,aggressive_in_out,52.01,55.55
0,flat,w32,get,16.41,17.20
0,flat,w32,best,2.41,3.53
0,flat,w32,range8,17.72,18.61
0,flat,w32,set_working,15.06,15.76
0,flat,w32,reprice_to_top,77.38,166.15
0,flat,w32,roll,52.93,56.46
0,flat,w32,aggressive_in_out,52.63,56.11
0,flat,w128,get,20.20,21.27
0,flat,w128,best,2.19,3.24
0,flat,w128,range8,20.73,21.45
0,flat,w128,set_working,17.80,18.81
0,flat,w128,reprice_to_top,94.30,101.13
0,flat,w128,roll,60.28,63.16
0,flat,w128,aggressive_in_out,61.30,65.92
0,flat,w512,get,25.10,26.35
0,flat,w512,best,2.16,3.24
0,flat,w512,range8,24.56,25.24
0,flat,w512,set_working,22.23,25.09
0,flat,w512,reprice_to_top,130.92,153.39
0,flat,w512,roll,77.60,78.69
0,flat,w512,aggressive_in_out,74.76,160.96
0,window64,w4,get,9.73,10.59
0,window64,w4,best,3.46,4.00
0,window64,w4,range8,20.46,21.64
0,window64,w4,set_working,8.92,10.16
0,window64,w4,reprice_to_top,48.67,50.37
0,window64,w4,roll,46.40,47.90
0,window64,w4,aggressive_in_out,44.03,45.63
0,window64,w16,get,8.41,9.35
0,window64,w16,best,4.36,5.52
0,window64,w16,range8,27.30,28.27
0,window64,w16,set_working,4.34,4.95
0,window64,w16,reprice_to_top,16.44,17.40
0,window64,w16,roll,13.87,14.49
0,window64,w16,aggressive_in_out,41.32,43.32
0,window64,w32,get,7.13,8.05
0,window64,w32,best,4.36,5.46
0,window64,w32,range8,27.20,28.25
0,window64,w32,set_working,3.73,4.30
0,window64,w32,reprice_to_top,26.50,28.71
0,window64,w32,roll,13.83,14.45
0,window64,w32,aggressive_in_out,41.56,43.97
0,window64,w128,get,19.10,20.06
0,window64,w128,best,4.33,5.49
0,window64,w128,range8,47.63,48.32
0,window64,w128,set_working,14.24,14.86
0,window64,w128,reprice_to_top,77.62,81.51
0,window64,w128,roll,77.64,82.95
0,window64,w128,aggressive_in_out,65.19,67.33
0,window64,w512,get,23.39,24.53
0,window64,w512,best,3.98,4.38
0,window64,w512,range8,52.12,56.63
0,window64,w512,set_working,20.09,21.41
0,window64,w512,reprice_to_top,124.67,138.95
0,window64,w512,roll,85.48,96.11
0,window64,w512,aggressive_in_out,63.52,73.29
0,window128,w4,get,8.68,9.34
0,window128,w4,best,3.96,3.99
0,window128,w4,range8,17.32,17.86
0,window128,w4,set_working,8.69,9.88
0,window128,w4,reprice_to_top,50.59,52.23
0,window128,w4,roll,47.38,48.93
0,window128,w4,aggressive_in_out,44.66,46.42
0,window128,w16,get,9.24,10.23
0,window128,w16,best,6.11,7.03
0,window128,w16,range8,43.66,46.41
0,window128,w16,set_working,6.89,8.10
0,window128,w16,reprice_to_top,16.46,17.74
0,window128,w16,roll,13.44,14.29
0,window128,w16,aggressive_in_out,42.25,44.04
0,window128,w32,get,8.21,9.12
0,window128,w32,best,5.91,7.00
0,window128,w32,range8,43.58,45.17
0,window128,w32,set_working,5.57,6.64
0,window128,w32,reprice_to_top,18.87,20.58
0,window128,w32,roll,13.36,14.42
0,window128,w32,aggressive_in_out,42.45,44.52
0,window128,w128,get,10.10,11.31
0,window128,w128,best,5.98,7.20
0,window128,w128,range8,55.74,57.64
0,window128,w128,set_working,6.21,7.38
0,window128,w128,reprice_to_top,56.75,60.18
0,window128,w128,roll,63.47,65.47
0,window128,w128,aggressive_in_out,51.79,53.90
0,window128,w512,get,24.20,25.45
0,window128,w512,best,6.22,7.59
0,window128,w512,range8,68.50,70.14
0,window128,w512,set_working,19.12,19.68
0,window128,w512,reprice_to_top,123.14,130.19
0,window128,w512,roll,99.37,200.36
0,window128,w512,aggressive_in_out,64.01,64.59
1,pages,w4,get,11.67,12.48
1,pages,w4,best,7.48,9.16
1,pages,w4,range8,28.33,29.23
1,pages,w4,set_working,15.70,16.96
1,pages,w4,reprice_to_top,34.78,36.60
1,pages,w4,roll,29.35,30.38
1,pages,w4,aggressive_in_out,149.95,158.98
1,pages,w16,get,12.25,19.39
1,pages,w16,best,8.66,9.71
1,pages,w16,range8,31.05,31.91
1,pages,w16,set_working,10.96,11.80
1,pages,w16,reprice_to_top,38.76,40.42
1,pages,w16,roll,29.96,32.18
1,pages,w16,aggressive_in_out,151.04,163.32
1,pages,w32,get,10.37,10.98
1,pages,w32,best,8.70,9.67
1,pages,w32,range8,30.99,31.86
1,pages,w32,set_working,10.18,10.98
1,pages,w32,reprice_to_top,44.12,46.79
1,pages,w32,roll,29.93,31.06
1,pages,w32,aggressive_in_out,149.71,170.03
1,pages,w128,get,14.05,14.75
1,pages,w128,best,9.08,10.37
1,pages,w128,range8,33.18,33.86
1,pages,w128,set_working,13.71,14.42
1,pages,w128,reprice_to_top,67.20,72.16
1,pages,w128,roll,31.76,32.76
1,pages,w128,aggressive_in_out,163.60,251.55
1,pages,w512,get,19.48,20.28
1,pages,w512,best,13.34,14.97
1,pages,w512,range8,42.69,44.97
1,pages,w512,set_working,19.78,20.87
1,pages,w512,reprice_to_top,83.55,93.90
1,pages,w512,roll,36.62,39.72
1,pages,w512,aggressive_in_out,203.02,291.99
1,vecdeque,w4,get,15.93,17.55
1,vecdeque,w4,best,1.94,3.00
1,vecdeque,w4,range8,11.53,14.56
1,vecdeque,w4,set_working,16.29,18.05
1,vecdeque,w4,reprice_to_top,61.45,119.49
1,vecdeque,w4,roll,46.81,51.57
1,vecdeque,w4,aggressive_in_out,50.43,55.76
1,vecdeque,w16,get,14.59,15.62
1,vecdeque,w16,best,2.17,3.02
1,vecdeque,w16,range8,15.03,18.22
1,vecdeque,w16,set_working,13.93,15.16
1,vecdeque,w16,reprice_to_top,70.70,73.78
1,vecdeque,w16,roll,54.54,58.89
1,vecdeque,w16,aggressive_in_out,59.77,63.15
1,vecdeque,w32,get,15.64,23.06
1,vecdeque,w32,best,2.10,3.05
1,vecdeque,w32,range8,14.85,18.23
1,vecdeque,w32,set_working,15.87,16.81
1,vecdeque,w32,reprice_to_top,81.96,87.17
1,vecdeque,w32,roll,53.48,106.41
1,vecdeque,w32,aggressive_in_out,65.82,70.26
1,vecdeque,w128,get,18.37,18.80
1,vecdeque,w128,best,2.43,2.98
1,vecdeque,w128,range8,15.70,16.57
1,vecdeque,w128,set_working,20.11,20.47
1,vecdeque,w128,reprice_to_top,105.29,113.55
1,vecdeque,w128,roll,70.12,71.08
1,vecdeque,w128,aggressive_in_out,74.20,75.22
1,vecdeque,w512,get,21.82,22.35
1,vecdeque,w512,best,2.35,3.02
1,vecdeque,w512,range8,15.46,16.66
1,vecdeque,w512,set_working,24.72,25.08
1,vecdeque,w512,reprice_to_top,158.55,173.54
1,vecdeque,w512,roll,89.32,96.00
1,vecdeque,w512,aggressive_in_out,86.31,89.34
1,flat,w4,get,8.07,9.65
1,flat,w4,best,2.05,3.05
1,flat,w4,range8,7.06,9.12
1,flat,w4,set_working,6.74,8.84
1,flat,w4,reprice_to_top,44.20,92.83
1,flat,w4,roll,33.90,34.29
1,flat,w4,aggressive_in_out,42.57,44.17
1,flat,w16,get,14.48,15.10
1,flat,w16,best,2.57,3.20
1,flat,w16,range8,15.27,15.84
1,flat,w16,set_working,12.38,12.71
1,flat,w16,reprice_to_top,66.77,71.25
1,flat,w16,roll,52.30,53.35
1,flat,w16,aggressive_in_out,50.91,51.92
1,flat,w32,get,16.22,16.95
1,flat,w32,best,2.64,3.30
1,flat,w32,range8,17.10,17.64
1,flat,w32,set_working,13.91,14.30
1,flat,w32,reprice_to_top,77.74,78.70
1,flat,w32,roll,54.93,56.03
1,flat,w32,aggressive_in_out,54.59,55.98
1,flat,w128,get,20.25,21.11
1,flat,w128,best,2.55,3.23
1,flat,w128,range8,20.84,21.44
1,flat,w128,set_working,17.94,18.32
1,flat,w128,reprice_to_top,95.94,103.24
1,flat,w128,roll,54.66,55.16
1,flat,w128,aggressive_in_out,55.37,66.59
1,flat,w512,get,26.63,27.89
1,flat,w512,best,2.60,3.25
1,flat,w512,range8,24.76,25.30
1,flat,w512,set_working,24.38,26.87
1,flat,w512,reprice_to_top,143.51,159.80
1,flat,w512,roll,77.30,92.23
1,flat,w512,aggressive_in_out,73.38,74.76
1,window64,w4,get,9.64,10.38
1,window64,w4,best,3.39,4.02
1,window64,w4,range8,20.54,21.85
1,window64,w4,set_working,8.97,10.05
1,window64,w4,reprice_to_top,48.59,50.05
1,window64,w4,roll,45.67,47.89
1,window64,w4,aggressive_in_out,43.20,45.27
1,window64,w16,get,8.43,9.32
1,window64,w16,best,4.17,5.40
1,window64,w16,range8,26.89,28.11
1,window64,w16,set_working,4.25,5.00
1,window64,w16,reprice_to_top,16.23,17.44
1,window64,w16,roll,13.79,14.39
1,window64,w16,aggressive_in_out,41.09,43.16
1,window64,w32,get,7.20,8.07
1,window64,w32,best,4.34,5.53
1,window64,w32,range8,27.02,28.11
1,window64,w32,set_working,3.61,4.40
1,window64,w32,reprice_to_top,26.43,29.68
1,window64,w32,roll,13.79,14.42
1,window64,w32,aggressive_in_out,41.55,43.17
1,window64,w128,get,19.09,19.99
1,window64,w128,best,4.27,5.43
1,window64,w128,range8,47.59,48.38
1,window64,w128,set_working,14.20,14.82
1,window64,w128,reprice_to_top,77.23,82.43
1,window64,w128,roll,78.89,82.13
1,window64,w128,aggressive_in_out,62.68,140.70
1,window64,w512,get,23.38,24.27
1,window64,w512,best,4.40,5.46
1,window64,w512,range8,52.20,53.16
1,window64,w512,set_working,20.11,20.82
1,window64,w512,reprice_to_top,134.79,234.53
1,window64,w512,roll,87.40,93.09
1,window64,w512,aggressive_in_out,67.94,77.42
1,window128,w4,get,8.63,9.07
1,window128,w4,best,3.96,4.14
1,window128,w4,range8,17.26,17.48
1,window128,w4,set_working,6.82,7.05
1,window128,w4,reprice_to_top,51.11,90.16
1,window128,w4,roll,48.25,51.77
1,window128,w4,aggressive_in_out,45.07,47.74
1,window128,w16,get,9.21,10.03
1,window128,w16,best,5.66,6.96
1,window128,w16,range8,43.41,44.65
1,window128,w16,set_working,6.00,6.93
1,window128,w16,reprice_to_top,16.54,17.46
1,window128,w16,roll,13.30,14.20
1,window128,w16,aggressive_in_out,42.29,43.95
1,window128,w32,get,8.39,9.24
1,window128,w32,best,5.82,7.14
1,window128,w32,range8,43.52,45.06
1,window128,w32,set_working,5.60,6.61
1,window128,w32,reprice_to_top,18.78,20.28
1,window128,w32,roll,13.27,14.16
1,window128,w32,aggressive_in_out,42.68,46.54
1,window128,w128,get,10.29,11.48
1,window128,w128,best,5.77,7.05
1,window128,w128,range8,56.74,68.17
1,window128,w128,set_working,6.32,7.36
1,window128,w128,reprice_to_top,56.76,60.04
1,window128,w128,roll,63.84,66.86
1,window128,w128,aggressive_in_out,52.08,56.14
1,window128,w512,get,23.06,23.98
1,window128,w512,best,6.00,7.00
1,window128,w512,range8,69.06,73.86
1,window128,w512,set_working,19.80,23.50
1,window128,w512,reprice_to_top,122.64,135.36
1,window128,w512,roll,89.07,104.93
1,window128,w512,aggressive_in_out,70.44,75.92
1,btree,w4,get,16.27,17.15
1,btree,w4,best,2.09,2.48
1,btree,w4,range8,28.59,29.60
1,btree,w4,set_working,19.59,21.59
1,btree,w4,reprice_to_top,79.96,82.42
1,btree,w4,roll,66.07,68.18
1,btree,w4,aggressive_in_out,79.54,83.96
1,btree,w16,get,28.22,33.64
1,btree,w16,best,3.22,4.06
1,btree,w16,range8,46.08,47.93
1,btree,w16,set_working,28.34,31.88
1,btree,w16,reprice_to_top,128.27,190.27
1,btree,w16,roll,110.93,120.61
1,btree,w16,aggressive_in_out,109.99,116.87
1,btree,w32,get,25.95,27.23
1,btree,w32,best,3.10,4.00
1,btree,w32,range8,42.29,44.52
1,btree,w32,set_working,36.48,39.77
1,btree,w32,reprice_to_top,157.07,187.43
1,btree,w32,roll,102.15,117.88
1,btree,w32,aggressive_in_out,94.56,110.10
1,btree,w128,get,31.17,38.05
1,btree,w128,best,3.27,4.48
1,btree,w128,range8,54.45,65.79
1,btree,w128,set_working,45.87,53.16
1,btree,w128,reprice_to_top,244.87,282.00
1,btree,w128,roll,145.08,152.66
1,btree,w128,aggressive_in_out,165.36,188.04
1,btree,w512,get,42.58,46.13
1,btree,w512,best,4.02,4.81
1,btree,w512,range8,71.25,82.17
1,btree,w512,set_working,59.30,63.32
1,btree,w512,reprice_to_top,314.16,416.75
1,btree,w512,roll,165.49,180.19
1,btree,w512,aggressive_in_out,197.05,219.11
2,vecdeque,w4,get,15.98,16.99
2,vecdeque,w4,best,2.02,2.66
2,vecdeque,w4,range8,10.45,11.75
2,vecdeque,w4,set_working,14.27,15.40
2,vecdeque,w4,reprice_to_top,52.07,54.41
2,vecdeque,w4,roll,40.05,44.76
2,vecdeque,w4,aggressive_in_out,45.25,53.96
2,vecdeque,w16,get,14.15,15.44
2,vecdeque,w16,best,2.10,3.02
2,vecdeque,w16,range8,16.19,20.51
2,vecdeque,w16,set_working,15.98,19.00
2,vecdeque,w16,reprice_to_top,72.13,95.81
2,vecdeque,w16,roll,54.95,58.77
2,vecdeque,w16,aggressive_in_out,58.85,62.39
2,vecdeque,w32,get,15.31,16.34
2,vecdeque,w32,best,2.29,3.15
2,vecdeque,w32,range8,14.90,20.29
2,vecdeque,w32,set_working,16.86,20.83
2,vecdeque,w32,reprice_to_top,81.11,83.93
2,vecdeque,w32,roll,60.04,62.98
2,vecdeque,w32,aggressive_in_out,63.88,66.18
2,vecdeque,w128,get,17.98,18.83
2,vecdeque,w128,best,2.16,3.01
2,vecdeque,w128,range8,14.16,17.76
2,vecdeque,w128,set_working,19.84,20.73
2,vecdeque,w128,reprice_to_top,102.85,107.51
2,vecdeque,w128,roll,68.55,71.47
2,vecdeque,w128,aggressive_in_out,72.55,74.62
2,vecdeque,w512,get,22.20,24.20
2,vecdeque,w512,best,2.16,2.65
2,vecdeque,w512,range8,12.43,14.43
2,vecdeque,w512,set_working,23.09,24.38
2,vecdeque,w512,reprice_to_top,149.82,171.03
2,vecdeque,w512,roll,93.87,94.84
2,vecdeque,w512,aggressive_in_out,88.82,89.57
2,flat,w4,get,9.00,9.68
2,flat,w4,best,2.58,3.30
2,flat,w4,range8,8.65,9.68
2,flat,w4,set_working,8.76,9.80
2,flat,w4,reprice_to_top,46.91,48.47
2,flat,w4,roll,43.75,45.60
2,flat,w4,aggressive_in_out,42.52,44.66
2,flat,w16,get,14.42,15.14
2,flat,w16,best,2.54,3.25
2,flat,w16,range8,15.18,15.71
2,flat,w16,set_working,12.21,12.75
2,flat,w16,reprice_to_top,66.02,67.12
2,flat,w16,roll,51.83,53.30
2,flat,w16,aggressive_in_out,50.50,51.62
2,flat,w32,get,16.18,16.93
2,flat,w32,best,2.54,3.33
2,flat,w32,range8,16.99,17.66
2,flat,w32,set_working,13.88,14.30
2,flat,w32,reprice_to_top,76.00,77.10
2,flat,w32,roll,55.19,60.29
2,flat,w32,aggressive_in_out,56.57,59.08
2,flat,w128,get,21.55,25.84
2,flat,w128,best,2.27,3.41
2,flat,w128,range8,22.39,23.15
2,flat,w128,set_working,18.36,18.65
2,flat,w128,reprice_to_top,92.15,96.44
2,flat,w128,roll,58.39,62.71
2,flat,w128,aggressive_in_out,56.13,61.23
2,flat,w512,get,24.74,25.89
2,flat,w512,best,2.03,2.90
2,flat,w512,range8,24.32,24.91
2,flat,w512,set_working,23.30,26.28
2,flat,w512,reprice_to_top,139.77,159.39
2,flat,w512,roll,76.41,81.46
2,flat,w512,aggressive_in_out,74.20,79.10
2,window64,w4,get,9.71,10.54
2,window64,w4,best,3.50,4.07
2,window64,w4,range8,20.85,21.88
2,window64,w4,set_working,8.89,10.03
2,window64,w4,reprice_to_top,48.79,50.24
2,window64,w4,roll,45.93,47.60
2,window64,w4,aggressive_in_out,43.79,45.43
2,window64,w16,get,8.31,9.20
2,window64,w16,best,4.20,5.50
2,window64,w16,range8,27.06,28.13
2,window64,w16,set_working,4.29,5.09
2,window64,w16,reprice_to_top,16.44,17.45
2,window64,w16,roll,13.82,14.43
2,window64,w16,aggressive_in_out,41.62,43.42
2,window64,w32,get,7.11,7.96
2,window64,w32,best,4.43,5.51
2,window64,w32,range8,27.17,28.15
2,window64,w32,set_working,3.36,4.32
2,window64,w32,reprice_to_top,26.58,29.22
2,window64,w32,roll,13.53,14.87
2,window64,w32,aggressive_in_out,39.37,84.59
2,window64,w128,get,19.38,20.73
2,window64,w128,best,4.34,6.00
2,window64,w128,range8,46.48,49.26
2,window64,w128,set_working,13.71,15.25
2,window64,w128,reprice_to_top,74.46,80.50
2,window64,w128,roll,74.00,78.10
2,window64,w128,aggressive_in_out,59.91,66.63
2,window64,w512,get,27.96,40.17
2,window64,w512,best,3.43,4.77
2,window64,w512,range8,51.62,55.46
2,window64,w512,set_working,20.04,22.12
2,window64,w512,reprice_to_top,130.91,154.64
2,window64,w512,roll,88.91,91.60
2,window64,w512,aggressive_in_out,70.11,71.00
2,window128,w4,get,10.05,10.70
2,window128,w4,best,4.45,4.88
2,window128,w4,range8,20.74,21.84
2,window128,w4,set_working,8.84,9.94
2,window128,w4,reprice_to_top,50.83,52.42
2,window128,w4,roll,47.17,48.64
2,window128,w4,aggressive_in_out,44.61,46.36
2,window128,w16,get,9.20,10.16
2,window128,w16,best,5.72,6.99
2,window128,w16,range8,43.42,44.57
2,window128,w16,set_working,6.05,7.09
2,window128,w16,reprice_to_top,16.39,17.39
2,window128,w16,roll,13.23,14.20
2,window128,w16,aggressive_in_out,41.73,43.34
2,window128,w32,get,8.14,9.02
2,window128,w32,best,5.62,6.99
2,window128,w32,range8,43.85,48.49
2,window128,w32,set_working,5.57,6.49
2,window128,w32,reprice_to_top,18.66,20.66
2,window128,w32,roll,13.20,14.21
2,window128,w32,aggressive_in_out,42.03,44.00
2,window128,w128,get,10.15,11.36
2,window128,w128,best,5.98,7.06
2,window128,w128,range8,55.59,57.23
2,window128,w128,set_working,6.42,7.25
2,window128,w128,reprice_to_top,56.16,59.20
2,window128,w128,roll,63.02,66.67
2,window128,w128,aggressive_in_out,52.80,57.28
2,window128,w512,get,23.27,24.30
2,window128,w512,best,5.94,6.49
2,window128,w512,range8,66.25,68.29
2,window128,w512,set_working,19.31,20.78
2,window128,w512,reprice_to_top,113.62,132.33
2,window128,w512,roll,89.95,99.22
2,window128,w512,aggressive_in_out,67.76,76.32
2,btree,w4,get,14.44,15.55
2,btree,w4,best,1.58,1.64
2,btree,w4,range8,23.83,24.17
2,btree,w4,set_working,18.32,20.14
2,btree,w4,reprice_to_top,79.05,99.07
2,btree,w4,roll,66.56,69.02
2,btree,w4,aggressive_in_out,79.79,82.81
2,btree,w16,get,25.03,26.23
2,btree,w16,best,3.22,4.02
2,btree,w16,range8,45.49,47.19
2,btree,w16,set_working,27.98,31.94
2,btree,w16,reprice_to_top,127.11,187.71
2,btree,w16,roll,110.32,114.32
2,btree,w16,aggressive_in_out,110.66,118.58
2,btree,w32,get,26.68,28.19
2,btree,w32,best,3.20,3.99
2,btree,w32,range8,43.32,45.23
2,btree,w32,set_working,37.36,40.90
2,btree,w32,reprice_to_top,154.19,201.32
2,btree,w32,roll,114.01,118.25
2,btree,w32,aggressive_in_out,100.67,103.28
2,btree,w128,get,34.20,35.92
2,btree,w128,best,3.83,4.48
2,btree,w128,range8,63.51,67.89
2,btree,w128,set_working,57.68,64.46
2,btree,w128,reprice_to_top,252.97,351.32
2,btree,w128,roll,144.96,162.69
2,btree,w128,aggressive_in_out,164.93,190.73
2,btree,w512,get,42.16,45.05
2,btree,w512,best,3.95,4.51
2,btree,w512,range8,70.22,72.59
2,btree,w512,set_working,59.61,64.74
2,btree,w512,reprice_to_top,304.92,424.92
2,btree,w512,roll,155.88,266.74
2,btree,w512,aggressive_in_out,170.30,202.45
2,pages,w4,get,11.73,12.33
2,pages,w4,best,6.75,6.92
2,pages,w4,range8,23.51,23.83
2,pages,w4,set_working,13.73,15.22
2,pages,w4,reprice_to_top,34.53,38.24
2,pages,w4,roll,29.81,34.52
2,pages,w4,aggressive_in_out,158.76,194.14
2,pages,w16,get,10.88,11.54
2,pages,w16,best,8.66,9.70
2,pages,w16,range8,31.81,39.11
2,pages,w16,set_working,10.86,11.77
2,pages,w16,reprice_to_top,38.26,39.77
2,pages,w16,roll,29.23,30.55
2,pages,w16,aggressive_in_out,159.27,176.97
2,pages,w32,get,10.12,10.80
2,pages,w32,best,8.51,9.59
2,pages,w32,range8,30.79,31.86
2,pages,w32,set_working,10.09,10.95
2,pages,w32,reprice_to_top,44.05,46.79
2,pages,w32,roll,29.40,30.91
2,pages,w32,aggressive_in_out,159.15,229.91
2,pages,w128,get,14.09,14.73
2,pages,w128,best,9.29,10.33
2,pages,w128,range8,33.07,33.85
2,pages,w128,set_working,13.62,14.34
2,pages,w128,reprice_to_top,63.06,68.77
2,pages,w128,roll,31.52,32.52
2,pages,w128,aggressive_in_out,156.11,184.89
2,pages,w512,get,19.36,20.32
2,pages,w512,best,13.48,15.99
2,pages,w512,range8,42.73,45.48
2,pages,w512,set_working,20.02,21.05
2,pages,w512,reprice_to_top,86.50,94.06
2,pages,w512,roll,36.71,41.20
2,pages,w512,aggressive_in_out,187.73,212.72
3,flat,w4,get,8.85,10.47
3,flat,w4,best,2.32,3.30
3,flat,w4,range8,8.11,10.64
3,flat,w4,set_working,6.96,9.56
3,flat,w4,reprice_to_top,43.88,50.24
3,flat,w4,roll,39.83,47.19
3,flat,w4,aggressive_in_out,37.63,44.30
3,flat,w16,get,14.13,15.21
3,flat,w16,best,2.09,3.19
3,flat,w16,range8,14.86,15.75
3,flat,w16,set_working,11.43,13.10
3,flat,w16,reprice_to_top,63.67,66.55
3,flat,w16,roll,48.53,52.91
3,flat,w16,aggressive_in_out,47.71,52.37
3,flat,w32,get,15.72,16.94
3,flat,w32,best,2.05,3.21
3,flat,w32,range8,16.70,17.64
3,flat,w32,set_working,12.87,14.17
3,flat,w32,reprice_to_top,72.86,83.81
3,flat,w32,roll,46.18,47.63
3,flat,w32,aggressive_in_out,53.64,54.57
3,flat,w128,get,20.36,21.13
3,flat,w128,best,2.53,3.27
3,flat,w128,range8,20.68,21.36
3,flat,w128,set_working,17.83,18.22
3,flat,w128,reprice_to_top,96.04,97.71
3,flat,w128,roll,65.20,66.70
3,flat,w128,aggressive_in_out,63.89,68.48
3,flat,w512,get,25.09,25.89
3,flat,w512,best,2.61,3.26
3,flat,w512,range8,24.69,25.29
3,flat,w512,set_working,22.39,22.94
3,flat,w512,reprice_to_top,141.85,160.98
3,flat,w512,roll,76.11,77.57
3,flat,w512,aggressive_in_out,78.42,79.02
3,window64,w4,get,9.93,10.69
3,window64,w4,best,3.48,4.03
3,window64,w4,range8,20.36,21.59
3,window64,w4,set_working,8.98,10.00
3,window64,w4,reprice_to_top,48.67,50.29
3,window64,w4,roll,45.98,47.79
3,window64,w4,aggressive_in_out,45.57,50.85
3,window64,w16,get,8.26,9.34
3,window64,w16,best,4.73,6.10
3,window64,w16,range8,28.34,30.46
3,window64,w16,set_working,4.34,5.06
3,window64,w16,reprice_to_top,15.53,17.62
3,window64,w16,roll,13.01,15.37
3,window64,w16,aggressive_in_out,34.23,36.38
3,window64,w32,get,7.44,9.14
3,window64,w32,best,3.62,3.81
3,window64,w32,range8,23.40,24.96
3,window64,w32,set_working,3.20,3.46
3,window64,w32,reprice_to_top,40.93,48.23
3,window64,w32,roll,13.75,14.39
3,window64,w32,aggressive_in_out,41.11,43.30
3,window64,w128,get,19.00,19.92
3,window64,w128,best,4.32,5.52
3,window64,w128,range8,47.74,58.96
3,window64,w128,set_working,9.93,10.29
3,window64,w128,reprice_to_top,55.36,59.14
3,window64,w128,roll,44.21,45.96
3,window64,w128,aggressive_in_out,37.21,38.01
3,window64,w512,get,16.83,17.91
3,window64,w512,best,2.30,2.31
3,window64,w512,range8,28.72,29.52
3,window64,w512,set_working,11.71,12.93
3,window64,w512,reprice_to_top,89.73,102.14
3,window64,w512,roll,49.91,51.32
3,window64,w512,aggressive_in_out,41.76,42.70
3,window128,w4,get,7.55,8.01
3,window128,w4,best,2.61,2.64
3,window128,w4,range8,11.86,11.87
3,window128,w4,set_working,4.80,4.81
3,window128,w4,reprice_to_top,33.08,34.13
3,window128,w4,roll,27.41,28.02
3,window128,w4,aggressive_in_out,24.25,24.59
3,window128,w16,get,7.18,7.85
3,window128,w16,best,3.17,3.18
3,window128,w16,range8,22.57,22.83
3,window128,w16,set_working,3.99,4.26
3,window128,w16,reprice_to_top,8.76,9.09
3,window128,w16,roll,7.40,7.41
3,window128,w16,aggressive_in_out,22.89,23.36
3,window128,w32,get,6.20,6.82
3,window128,w32,best,3.17,3.18
3,window128,w32,range8,22.66,22.83
3,window128,w32,set_working,5.88,7.31
3,window128,w32,reprice_to_top,12.27,21.22
3,window128,w32,roll,7.39,12.82
3,window128,w32,aggressive_in_out,22.72,41.36
3,window128,w128,get,7.84,8.64
3,window128,w128,best,3.19,3.20
3,window128,w128,range8,29.65,37.39
3,window128,w128,set_working,4.04,4.51
3,window128,w128,reprice_to_top,40.40,42.52
3,window128,w128,roll,34.16,34.72
3,window128,w128,aggressive_in_out,28.72,29.06
3,window128,w512,get,17.76,23.04
3,window128,w512,best,3.17,3.18
3,window128,w512,range8,36.46,36.91
3,window128,w512,set_working,12.17,12.89
3,window128,w512,reprice_to_top,82.48,91.21
3,window128,w512,roll,54.42,54.96
3,window128,w512,aggressive_in_out,41.99,42.77
3,btree,w4,get,14.02,15.14
3,btree,w4,best,1.57,1.59
3,btree,w4,range8,16.46,23.18
3,btree,w4,set_working,18.59,22.90
3,btree,w4,reprice_to_top,54.49,79.19
3,btree,w4,roll,36.99,38.29
3,btree,w4,aggressive_in_out,47.29,56.62
3,btree,w16,get,20.74,22.16
3,btree,w16,best,1.73,1.74
3,btree,w16,range8,23.02,23.50
3,btree,w16,set_working,23.10,26.27
3,btree,w16,reprice_to_top,86.23,110.86
3,btree,w16,roll,63.86,64.79
3,btree,w16,aggressive_in_out,70.60,71.54
3,btree,w32,get,23.69,24.62
3,btree,w32,best,1.88,1.91
3,btree,w32,range8,21.67,21.77
3,btree,w32,set_working,35.20,39.84
3,btree,w32,reprice_to_top,114.55,129.65
3,btree,w32,roll,66.16,67.26
3,btree,w32,aggressive_in_out,60.30,71.64
3,btree,w128,get,29.64,30.94
3,btree,w128,best,2.44,2.58
3,btree,w128,range8,32.45,33.02
3,btree,w128,set_working,37.33,41.05
3,btree,w128,reprice_to_top,188.40,230.59
3,btree,w128,roll,84.33,91.93
3,btree,w128,aggressive_in_out,97.66,109.59
3,btree,w512,get,35.04,39.70
3,btree,w512,best,3.55,3.91
3,btree,w512,range8,36.71,59.61
3,btree,w512,set_working,48.66,59.72
3,btree,w512,reprice_to_top,229.59,305.58
3,btree,w512,roll,93.21,136.14
3,btree,w512,aggressive_in_out,107.67,128.87
3,pages,w4,get,10.86,13.41
3,pages,w4,best,4.65,4.66
3,pages,w4,range8,15.04,15.55
3,pages,w4,set_working,11.68,14.43
3,pages,w4,reprice_to_top,19.37,29.57
3,pages,w4,roll,15.90,16.11
3,pages,w4,aggressive_in_out,85.94,162.89
3,pages,w16,get,8.21,8.93
3,pages,w16,best,4.65,7.80
3,pages,w16,range8,16.10,16.71
3,pages,w16,set_working,7.13,7.78
3,pages,w16,reprice_to_top,22.93,29.01
3,pages,w16,roll,15.89,16.14
3,pages,w16,aggressive_in_out,86.14,87.87
3,pages,w32,get,8.20,10.70
3,pages,w32,best,4.66,8.23
3,pages,w32,range8,16.35,27.24
3,pages,w32,set_working,6.07,6.54
3,pages,w32,reprice_to_top,28.45,32.73
3,pages,w32,roll,16.63,16.86
3,pages,w32,aggressive_in_out,87.78,173.14
3,pages,w128,get,11.60,13.59
3,pages,w128,best,4.95,10.68
3,pages,w128,range8,18.41,19.01
3,pages,w128,set_working,10.57,13.99
3,pages,w128,reprice_to_top,45.19,64.04
3,pages,w128,roll,17.20,29.35
3,pages,w128,aggressive_in_out,92.70,149.73
3,pages,w512,get,16.35,16.77
3,pages,w512,best,6.81,6.82
3,pages,w512,range8,23.80,40.13
3,pages,w512,set_working,16.12,19.41
3,pages,w512,reprice_to_top,61.18,80.52
3,pages,w512,roll,20.86,37.43
3,pages,w512,aggressive_in_out,118.59,177.02
3,vecdeque,w4,get,14.02,14.69
3,vecdeque,w4,best,1.27,1.42
3,vecdeque,w4,range8,6.27,6.29
3,vecdeque,w4,set_working,15.15,18.83
3,vecdeque,w4,reprice_to_top,55.39,67.08
3,vecdeque,w4,roll,42.70,53.30
3,vecdeque,w4,aggressive_in_out,48.07,55.72
3,vecdeque,w16,get,13.89,15.73
3,vecdeque,w16,best,2.00,2.29
3,vecdeque,w16,range8,13.18,15.18
3,vecdeque,w16,set_working,14.80,15.62
3,vecdeque,w16,reprice_to_top,75.90,180.21
3,vecdeque,w16,roll,54.78,62.91
3,vecdeque,w16,aggressive_in_out,58.64,69.67
3,vecdeque,w32,get,14.61,16.19
3,vecdeque,w32,best,1.98,2.34
3,vecdeque,w32,range8,13.96,15.72
3,vecdeque,w32,set_working,15.59,16.68
3,vecdeque,w32,reprice_to_top,80.32,85.07
3,vecdeque,w32,roll,60.33,124.52
3,vecdeque,w32,aggressive_in_out,64.39,73.71
3,vecdeque,w128,get,18.44,20.59
3,vecdeque,w128,best,2.01,2.43
3,vecdeque,w128,range8,16.09,19.23
3,vecdeque,w128,set_working,20.18,22.39
3,vecdeque,w128,reprice_to_top,104.77,155.46
3,vecdeque,w128,roll,70.94,90.30
3,vecdeque,w128,aggressive_in_out,46.04,74.26
3,vecdeque,w512,get,13.72,13.93
3,vecdeque,w512,best,1.41,1.42
3,vecdeque,w512,range8,8.20,14.44
3,vecdeque,w512,set_working,16.42,24.32
3,vecdeque,w512,reprice_to_top,103.89,118.07
3,vecdeque,w512,roll,50.11,60.41
3,vecdeque,w512,aggressive_in_out,52.92,53.21
4,window64,w4,get,6.59,7.11
4,window64,w4,best,2.14,2.14
4,window64,w4,range8,10.98,11.88
4,window64,w4,set_working,4.80,4.92
4,window64,w4,reprice_to_top,32.37,42.81
4,window64,w4,roll,25.42,26.27
4,window64,w4,aggressive_in_out,24.09,24.46
4,window64,w16,get,6.48,7.19
4,window64,w16,best,2.30,2.31
4,window64,w16,range8,14.57,14.89
4,window64,w16,set_working,3.34,4.44
4,window64,w16,reprice_to_top,10.38,19.47
4,window64,w16,roll,8.73,9.21
4,window64,w16,aggressive_in_out,23.28,23.59
4,window64,w32,get,5.35,5.91
4,window64,w32,best,2.30,2.31
4,window64,w32,range8,14.56,14.62
4,window64,w32,set_working,2.54,2.68
4,window64,w32,reprice_to_top,17.23,18.48
4,window64,w32,roll,8.70,8.80
4,window64,w32,aggressive_in_out,22.88,23.23
4,window64,w128,get,14.53,18.18
4,window64,w128,best,2.45,4.53
4,window64,w128,range8,25.64,43.88
4,window64,w128,set_working,14.99,22.61
4,window64,w128,reprice_to_top,60.14,84.60
4,window64,w128,roll,43.91,45.91
4,window64,w128,aggressive_in_out,37.30,50.01
4,window64,w512,get,17.07,22.48
4,window64,w512,best,2.30,2.31
4,window64,w512,range8,28.89,30.05
4,window64,w512,set_working,11.75,19.58
4,window64,w512,reprice_to_top,90.73,134.02
4,window64,w512,roll,49.45,85.23
4,window64,w512,aggressive_in_out,41.66,58.61
4,window128,w4,get,7.09,7.59
4,window128,w4,best,2.58,2.59
4,window128,w4,range8,11.27,11.28
4,window128,w4,set_working,4.80,4.81
4,window128,w4,reprice_to_top,33.24,46.20
4,window128,w4,roll,27.48,43.09
4,window128,w4,aggressive_in_out,24.24,40.72
4,window128,w16,get,7.16,7.82
4,window128,w16,best,3.17,7.31
4,window128,w16,range8,22.57,48.45
4,window128,w16,set_working,4.06,5.32
4,window128,w16,reprice_to_top,8.79,9.19
4,window128,w16,roll,7.41,13.77
4,window128,w16,aggressive_in_out,22.84,38.36
4,window128,w32,get,6.20,6.82
4,window128,w32,best,3.17,3.18
4,window128,w32,range8,22.56,22.79
4,window128,w32,set_working,3.44,3.61
4,window128,w32,reprice_to_top,10.83,18.65
4,window128,w32,roll,7.34,12.06
4,window128,w32,aggressive_in_out,22.81,40.08
4,window128,w128,get,7.74,8.47
4,window128,w128,best,3.17,3.19
4,window128,w128,range8,29.64,29.80
4,window128,w128,set_working,4.04,4.41
4,window128,w128,reprice_to_top,40.34,42.89
4,window128,w128,roll,34.32,58.73
4,window128,w128,aggressive_in_out,28.46,28.90
4,window128,w512,get,17.41,18.44
4,window128,w512,best,4.91,6.02
4,window128,w512,range8,36.55,37.15
4,window128,w512,set_working,11.66,12.21
4,window128,w512,reprice_to_top,82.32,87.85
4,window128,w512,roll,55.62,69.85
4,window128,w512,aggressive_in_out,41.91,74.20
4,btree,w4,get,13.24,14.19
4,btree,w4,best,1.59,1.59
4,btree,w4,range8,16.21,16.32
4,btree,w4,set_working,16.80,20.55
4,btree,w4,reprice_to_top,53.92,61.25
4,btree,w4,roll,36.68,38.45
4,btree,w4,aggressive_in_out,49.17,49.95
4,btree,w16,get,20.92,22.36
4,btree,w16,best,2.01,2.01
4,btree,w16,range8,23.02,23.15
4,btree,w16,set_working,25.73,30.61
4,btree,w16,reprice_to_top,86.04,119.55
4,btree,w16,roll,64.05,106.93
4,btree,w16,aggressive_in_out,68.47,69.53
4,btree,w32,get,23.02,24.77
4,btree,w32,best,2.00,2.00
4,btree,w32,range8,21.55,22.21
4,btree,w32,set_working,34.48,37.42
4,btree,w32,reprice_to_top,115.35,137.16
4,btree,w32,roll,66.35,71.32
4,btree,w32,aggressive_in_out,60.47,62.03
4,btree,w128,get,30.51,33.91
4,btree,w128,best,2.61,2.83
4,btree,w128,range8,32.04,32.50
4,btree,w128,set_working,37.68,40.49
4,btree,w128,reprice_to_top,187.46,261.16
4,btree,w128,roll,84.68,156.38
4,btree,w128,aggressive_in_out,98.08,106.46
4,btree,w512,get,35.31,39.55
4,btree,w512,best,2.43,2.43
4,btree,w512,range8,36.30,36.90
4,btree,w512,set_working,49.69,57.77
4,btree,w512,reprice_to_top,231.24,316.49
4,btree,w512,roll,93.93,120.98
4,btree,w512,aggressive_in_out,109.79,111.16
4,pages,w4,get,10.83,14.15
4,pages,w4,best,4.65,4.66
4,pages,w4,range8,15.14,15.60
4,pages,w4,set_working,11.36,13.26
4,pages,w4,reprice_to_top,18.93,20.34
4,pages,w4,roll,15.83,16.14
4,pages,w4,aggressive_in_out,85.98,87.91
4,pages,w16,get,8.14,8.60
4,pages,w16,best,4.65,4.66
4,pages,w16,range8,16.57,16.88
4,pages,w16,set_working,6.98,7.54
4,pages,w16,reprice_to_top,22.80,23.76
4,pages,w16,roll,15.89,16.07
4,pages,w16,aggressive_in_out,86.46,122.55
4,pages,w32,get,7.53,8.10
4,pages,w32,best,4.65,6.98
4,pages,w32,range8,16.26,16.67
4,pages,w32,set_working,6.00,6.38
4,pages,w32,reprice_to_top,28.43,30.23
4,pages,w32,roll,16.45,16.77
4,pages,w32,aggressive_in_out,86.24,105.50
4,pages,w128,get,11.47,11.95
4,pages,w128,best,4.95,4.96
4,pages,w128,range8,18.51,18.90
4,pages,w128,set_working,10.35,10.99
4,pages,w128,reprice_to_top,42.96,47.85
4,pages,w128,roll,17.37,25.71
4,pages,w128,aggressive_in_out,91.19,139.82
4,pages,w512,get,16.17,20.07
4,pages,w512,best,7.81,7.89
4,pages,w512,range8,23.79,37.26
4,pages,w512,set_working,16.16,19.20
4,pages,w512,reprice_to_top,60.81,68.83
4,pages,w512,roll,20.80,32.65
4,pages,w512,aggressive_in_out,118.49,277.12
4,vecdeque,w4,get,14.64,15.59
4,vecdeque,w4,best,1.27,1.27
4,vecdeque,w4,range8,6.28,11.43
4,vecdeque,w4,set_working,13.96,16.36
4,vecdeque,w4,reprice_to_top,55.12,94.09
4,vecdeque,w4,roll,23.53,24.93
4,vecdeque,w4,aggressive_in_out,26.39,27.61
4,vecdeque,w16,get,10.09,13.20
4,vecdeque,w16,best,2.14,2.54
4,vecdeque,w16,range8,8.22,15.23
4,vecdeque,w16,set_working,8.57,9.54
4,vecdeque,w16,reprice_to_top,53.52,67.77
4,vecdeque,w16,roll,31.67,33.56
4,vecdeque,w16,aggressive_in_out,35.62,35.84
4,vecdeque,w32,get,10.00,10.45
4,vecdeque,w32,best,1.27,1.27
4,vecdeque,w32,range8,8.18,8.22
4,vecdeque,w32,set_working,9.43,9.49
4,vecdeque,w32,reprice_to_top,64.64,80.19
4,vecdeque,w32,roll,34.00,56.48
4,vecdeque,w32,aggressive_in_out,39.01,39.25
4,vecdeque,w128,get,11.48,11.66
4,vecdeque,w128,best,1.27,1.27
4,vecdeque,w128,range8,8.20,8.24
4,vecdeque,w128,set_working,12.35,12.43
4,vecdeque,w128,reprice_to_top,75.93,94.21
4,vecdeque,w128,roll,46.59,48.32
4,vecdeque,w128,aggressive_in_out,45.27,52.73
4,vecdeque,w512,get,13.76,22.03
4,vecdeque,w512,best,1.27,2.76
4,vecdeque,w512,range8,8.21,13.48
4,vecdeque,w512,set_working,15.20,15.29
4,vecdeque,w512,reprice_to_top,104.54,286.12
4,vecdeque,w512,roll,50.16,72.37
4,vecdeque,w512,aggressive_in_out,52.46,52.91
4,flat,w4,get,6.61,7.07
4,flat,w4,best,1.41,1.41
4,flat,w4,range8,5.39,9.91
4,flat,w4,set_working,7.98,10.45
4,flat,w4,reprice_to_top,31.46,51.80
4,flat,w4,roll,24.66,39.36
4,flat,w4,aggressive_in_out,23.75,52.70
4,flat,w16,get,14.68,15.70
4,flat,w16,best,2.14,3.23
4,flat,w16,range8,11.29,15.59
4,flat,w16,set_working,6.80,13.42
4,flat,w16,reprice_to_top,50.20,69.04
4,flat,w16,roll,29.97,31.44
4,flat,w16,aggressive_in_out,29.54,33.52
4,flat,w32,get,11.63,12.59
4,flat,w32,best,1.41,1.41
4,flat,w32,range8,12.60,12.68
4,flat,w32,set_working,7.98,8.12
4,flat,w32,reprice_to_top,57.65,63.34
4,flat,w32,roll,31.32,32.35
4,flat,w32,aggressive_in_out,32.00,47.30
4,flat,w128,get,14.91,15.82
4,flat,w128,best,1.41,1.44
4,flat,w128,range8,15.23,20.81
4,flat,w128,set_working,10.33,18.59
4,flat,w128,reprice_to_top,71.96,98.09
4,flat,w128,roll,36.82,52.78
4,flat,w128,aggressive_in_out,38.72,40.54
4,flat,w512,get,18.27,19.36
4,flat,w512,best,1.41,1.41
4,flat,w512,range8,17.98,21.43
4,flat,w512,set_working,13.47,14.75
4,flat,w512,reprice_to_top,97.32,155.55
4,flat,w512,roll,75.62,78.48
4,flat,w512,aggressive_in_out,76.89,79.28
5,window128,w4,get,10.22,11.41
5,window128,w4,best,4.26,4.54
5,window128,w4,range8,19.69,21.22
5,window128,w4,set_working,8.08,10.55
5,window128,w4,reprice_to_top,33.29,50.32
5,window128,w4,roll,27.51,43.27
5,window128,w4,aggressive_in_out,24.20,46.81
5,window128,w16,get,7.51,9.08
5,window128,w16,best,3.33,3.34
5,window128,w16,range8,22.58,22.83
5,window128,w16,set_working,3.98,4.25
5,window128,w16,reprice_to_top,8.78,9.03
5,window128,w16,roll,7.36,7.41
5,window128,w16,aggressive_in_out,22.78,23.16
5,window128,w32,get,6.11,6.77
5,window128,w32,best,3.17,3.18
5,window128,w32,range8,22.56,22.81
5,window128,w32,set_working,3.45,3.63
5,window128,w32,reprice_to_top,10.53,11.40
5,window128,w32,roll,7.36,7.41
5,window128,w32,aggressive_in_out,22.92,24.41
5,window128,w128,get,7.77,8.51
5,window128,w128,best,3.17,3.18
5,window128,w128,range8,29.50,46.57
5,window128,w128,set_working,3.98,4.32
5,window128,w128,reprice_to_top,40.48,54.15
5,window128,w128,roll,33.76,36.84
5,window128,w128,aggressive_in_out,28.37,37.32
5,window128,w512,get,17.43,18.29
5,window128,w512,best,3.17,3.19
5,window128,w512,range8,36.55,50.60
5,window128,w512,set_working,11.64,12.04
5,window128,w512,reprice_to_top,82.12,87.84
5,window128,w512,roll,56.06,77.97
5,window128,w512,aggressive_in_out,42.08,71.71
5,btree,w4,get,13.38,15.78
5,btree,w4,best,1.57,1.59
5,btree,w4,range8,16.34,16.75
5,btree,w4,set_working,16.60,17.88
5,btree,w4,reprice_to_top,54.69,82.04
5,btree,w4,roll,36.64,62.61
5,btree,w4,aggressive_in_out,48.93,80.46
5,btree,w16,get,21.59,22.81
5,btree,w16,best,2.00,2.01
5,btree,w16,range8,23.04,32.25
5,btree,w16,set_working,23.05,26.25
5,btree,w16,reprice_to_top,86.10,107.01
5,btree,w16,roll,63.77,91.80
5,btree,w16,aggressive_in_out,66.95,119.89
5,btree,w32,get,23.64,28.87
5,btree,w32,best,1.86,1.86
5,btree,w32,range8,21.56,39.12
5,btree,w32,set_working,36.14,52.62
5,btree,w32,reprice_to_top,116.71,172.61
5,btree,w32,roll,66.41,122.48
5,btree,w32,aggressive_in_out,59.88,88.66
5,btree,w128,get,34.34,43.05
5,btree,w128,best,2.71,4.48
5,btree,w128,range8,31.96,60.92
5,btree,w128,set_working,37.85,49.79
5,btree,w128,reprice_to_top,190.79,284.61
5,btree,w128,roll,85.75,138.40
5,btree,w128,aggressive_in_out,98.32,180.84
5,btree,w512,get,35.45,45.19
5,btree,w512,best,2.59,2.59
5,btree,w512,range8,36.23,36.35
5,btree,w512,set_working,52.77,64.47
5,btree,w512,reprice_to_top,242.45,426.78
5,btree,w512,roll,119.98,171.16
5,btree,w512,aggressive_in_out,108.37,211.24
5,pages,w4,get,12.04,13.84
5,pages,w4,best,4.65,8.10
5,pages,w4,range8,26.80,31.40
5,pages,w4,set_working,15.76,17.80
5,pages,w4,reprice_to_top,18.66,32.43
5,pages,w4,roll,15.91,23.05
5,pages,w4,aggressive_in_out,86.98,161.32
5,pages,w16,get,8.35,9.58
5,pages,w16,best,4.65,4.77
5,pages,w16,range8,16.18,16.66
5,pages,w16,set_working,7.26,8.80
5,pages,w16,reprice_to_top,22.79,24.09
5,pages,w16,roll,15.86,16.18
5,pages,w16,aggressive_in_out,88.10,154.10
5,pages,w32,get,7.78,10.43
5,pages,w32,best,4.65,6.58
5,pages,w32,range8,16.21,18.59
5,pages,w32,set_working,6.11,6.62
5,pages,w32,reprice_to_top,28.43,30.45
5,pages,w32,roll,16.34,16.69
5,pages,w32,aggressive_in_out,87.81,150.00
5,pages,w128,get,12.64,14.48
5,pages,w128,best,4.95,4.96
5,pages,w128,range8,18.50,29.78
5,pages,w128,set_working,10.40,11.00
5,pages,w128,reprice_to_top,43.17,49.79
5,pages,w128,roll,16.89,16.98
5,pages,w128,aggressive_in_out,92.54,94.06
5,pages,w512,get,15.91,16.26
5,pages,w512,best,6.81,6.83
5,pages,w512,range8,23.71,24.12
5,pages,w512,set_working,16.05,16.39
5,pages,w512,reprice_to_top,61.15,64.78
5,pages,w512,roll,20.78,20.97
5,pages,w512,aggressive_in_out,120.22,195.26
5,vecdeque,w4,get,14.30,15.25
5,vecdeque,w4,best,1.27,1.27
5,vecdeque,w4,range8,8.84,11.54
5,vecdeque,w4,set_working,17.76,19.00
5,vecdeque,w4,reprice_to_top,57.17,69.52
5,vecdeque,w4,roll,46.23,55.59
5,vecdeque,w4,aggressive_in_out,44.76,57.28
5,vecdeque,w16,get,10.20,14.11
5,vecdeque,w16,best,2.64,2.96
5,vecdeque,w16,range8,8.18,19.08
5,vecdeque,w16,set_working,8.56,8.64
5,vecdeque,w16,reprice_to_top,53.37,136.09
5,vecdeque,w16,roll,31.66,31.99
5,vecdeque,w16,aggressive_in_out,35.58,35.84
5,vecdeque,w32,get,10.04,14.48
5,vecdeque,w32,best,1.41,1.41
5,vecdeque,w32,range8,8.20,8.24
5,vecdeque,w32,set_working,9.43,9.50
5,vecdeque,w32,reprice_to_top,60.65,75.56
5,vecdeque,w32,roll,34.01,34.22
5,vecdeque,w32,aggressive_in_out,40.07,40.28
5,vecdeque,w128,get,11.51,11.81
5,vecdeque,w128,best,1.27,1.27
5,vecdeque,w128,range8,8.20,8.25
5,vecdeque,w128,set_working,12.34,12.42
5,vecdeque,w128,reprice_to_top,116.59,182.89
5,vecdeque,w128,roll,80.68,84.78
5,vecdeque,w128,aggressive_in_out,45.25,45.50
5,vecdeque,w512,get,13.73,20.93
5,vecdeque,w512,best,1.41,1.41
5,vecdeque,w512,range8,8.20,8.24
5,vecdeque,w512,set_working,15.23,17.11
5,vecdeque,w512,reprice_to_top,103.21,160.07
5,vecdeque,w512,roll,50.02,50.69
5,vecdeque,w512,aggressive_in_out,52.21,77.77
5,flat,w4,get,6.39,6.85
5,flat,w4,best,1.41,1.41
5,flat,w4,range8,5.10,5.10
5,flat,w4,set_working,5.68,6.31
5,flat,w4,reprice_to_top,31.36,32.45
5,flat,w4,roll,24.26,24.80
5,flat,w4,aggressive_in_out,23.56,24.55
5,flat,w16,get,10.51,11.27
5,flat,w16,best,1.41,1.41
5,flat,w16,range8,11.25,11.29
5,flat,w16,set_working,6.78,6.82
5,flat,w16,reprice_to_top,67.40,144.74
5,flat,w16,roll,30.03,57.36
5,flat,w16,aggressive_in_out,30.60,48.57
5,flat,w32,get,11.59,12.41
5,flat,w32,best,1.41,1.41
5,flat,w32,range8,12.60,16.91
5,flat,w32,set_working,7.98,11.07
5,flat,w32,reprice_to_top,77.23,156.61
5,flat,w32,roll,31.74,58.83
5,flat,w32,aggressive_in_out,32.16,33.29
5,flat,w128,get,14.86,15.78
5,flat,w128,best,1.41,1.41
5,flat,w128,range8,15.21,19.82
5,flat,w128,set_working,10.46,10.47
5,flat,w128,reprice_to_top,70.96,174.09
5,flat,w128,roll,37.18,66.10
5,flat,w128,aggressive_in_out,38.38,39.86
5,flat,w512,get,18.30,24.29
5,flat,w512,best,1.41,1.41
5,flat,w512,range8,17.97,18.02
5,flat,w512,set_working,13.45,13.50
5,flat,w512,reprice_to_top,96.01,248.15
5,flat,w512,roll,43.22,44.95
5,flat,w512,aggressive_in_out,43.01,45.10
5,window64,w4,get,6.75,7.18
5,window64,w4,best,2.00,2.00
5,window64,w4,range8,18.06,23.82
5,window64,w4,set_working,4.80,4.86
5,window64,w4,reprice_to_top,32.15,32.95
5,window64,w4,roll,25.09,25.59
5,window64,w4,aggressive_in_out,24.31,32.75
5,window64,w16,get,6.47,7.17
5,window64,w16,best,2.30,2.31
5,window64,w16,range8,14.57,14.65
5,window64,w16,set_working,3.04,3.31
5,window64,w16,reprice_to_top,19.19,21.29
5,window64,w16,roll,8.70,9.02
5,window64,w16,aggressive_in_out,23.23,82.59
5,window64,w32,get,5.39,5.96
5,window64,w32,best,2.30,2.31
5,window64,w32,range8,14.57,14.62
5,window64,w32,set_working,2.55,2.69
5,window64,w32,reprice_to_top,17.49,40.90
5,window64,w32,roll,8.69,8.79
5,window64,w32,aggressive_in_out,24.07,24.43
5,window64,w128,get,14.51,16.43
5,window64,w128,best,2.45,4.53
5,window64,w128,range8,25.55,43.55
5,window64,w128,set_working,9.58,10.05
5,window64,w128,reprice_to_top,55.30,70.57
5,window64,w128,roll,43.86,45.30
5,window64,w128,aggressive_in_out,36.26,36.85
5,window64,w512,get,16.90,18.02
5,window64,w512,best,2.44,4.42
5,window64,w512,range8,28.89,29.60
5,window64,w512,set_working,11.75,11.91
5,window64,w512,reprice_to_top,89.61,102.73
5,window64,w512,roll,49.82,52.04
5,window64,w512,aggressive_in_out,42.60,43.63
6,window128,w4,get,6.94,7.40
6,window128,w4,best,2.61,2.64
6,window128,w4,range8,11.56,11.57
6,window128,w4,set_working,4.80,4.81
6,window128,w4,reprice_to_top,33.36,52.05
6,window128,w4,roll,27.32,28.16
6,window128,w4,aggressive_in_out,23.92,24.55
6,window128,w16,get,7.21,7.81
6,window128,w16,best,3.17,3.18
6,window128,w16,range8,22.65,22.84
6,window128,w16,set_working,3.96,4.23
6,window128,w16,reprice_to_top,8.86,11.18
6,window128,w16,roll,7.39,7.42
6,window128,w16,aggressive_in_out,22.87,23.14
6,window128,w32,get,6.07,6.63
6,window128,w32,best,3.17,3.18
6,window128,w32,range8,22.56,22.82
6,window128,w32,set_working,3.61,3.82
6,window128,w32,reprice_to_top,11.38,12.49
6,window128,w32,roll,7.46,7.57
6,window128,w32,aggressive_in_out,22.38,23.25
6,window128,w128,get,7.74,8.53
6,window128,w128,best,3.17,3.18
6,window128,w128,range8,29.50,29.65
6,window128,w128,set_working,4.07,4.43
6,window128,w128,reprice_to_top,40.40,53.15
6,window128,w128,roll,33.79,41.46
6,window128,w128,aggressive_in_out,28.13,28.65
6,window128,w512,get,17.31,18.40
6,window128,w512,best,3.17,3.18
6,window128,w512,range8,36.45,36.61
6,window128,w512,set_working,11.64,11.81
6,window128,w512,reprice_to_top,83.02,98.97
6,window128,w512,roll,54.52,55.24
6,window128,w512,aggressive_in_out,41.76,62.60
6,window64,w4,get,6.78,7.23
6,window64,w4,best,2.15,2.15
6,window64,w4,range8,11.86,19.96
6,window64,w4,set_working,4.80,4.81
6,window64,w4,reprice_to_top,32.30,33.12
6,window64,w4,roll,25.05,25.46
6,window64,w4,aggressive_in_out,24.28,24.89
6,window64,w16,get,6.62,7.29
6,window64,w16,best,2.30,2.45
6,window64,w16,range8,14.59,14.71
6,window64,w16,set_working,3.07,3.32
6,window64,w16,reprice_to_top,10.38,18.94
6,window64,w16,roll,9.11,9.31
6,window64,w16,aggressive_in_out,23.21,23.82
6,window64,w32,get,5.41,5.92
6,window64,w32,best,2.31,2.32
6,window64,w32,range8,14.59,14.65
6,window64,w32,set_working,2.55,2.69
6,window64,w32,reprice_to_top,17.76,42.68
6,window64,w32,roll,9.09,9.23
6,window64,w32,aggressive_in_out,31.03,37.71
6,window64,w128,get,14.56,15.55
6,window64,w128,best,2.30,2.35
6,window64,w128,range8,25.63,25.86
6,window64,w128,set_working,9.47,9.81
6,window64,w128,reprice_to_top,56.45,125.27
6,window64,w128,roll,44.24,57.80
6,window64,w128,aggressive_in_out,37.01,61.00
6,window64,w512,get,18.17,23.51
6,window64,w512,best,2.30,2.82
6,window64,w512,range8,29.34,42.05
6,window64,w512,set_working,11.74,11.88
6,window64,w512,reprice_to_top,90.29,131.55
6,window64,w512,roll,49.96,73.95
6,window64,w512,aggressive_in_out,42.91,65.22
6,flat,w4,get,7.82,8.96
6,flat,w4,best,2.21,2.86
6,flat,w4,range8,7.65,9.05
6,flat,w4,set_working,7.43,10.84
6,flat,w4,reprice_to_top,38.55,51.79
6,flat,w4,roll,24.49,45.74
6,flat,w4,aggressive_in_out,23.40,23.93
6,flat,w16,get,10.79,15.40
6,flat,w16,best,2.62,3.09
6,flat,w16,range8,14.64,17.91
6,flat,w16,set_working,12.49,15.04
6,flat,w16,reprice_to_top,69.04,74.04
6,flat,w16,roll,64.01,64.75
6,flat,w16,aggressive_in_out,63.66,64.16
6,flat,w32,get,17.70,18.29
6,flat,w32,best,3.66,3.67
6,flat,w32,range8,19.36,19.56
6,flat,w32,set_working,16.36,16.84
6,flat,w32,reprice_to_top,81.53,83.15
6,flat,w32,roll,65.85,66.80
6,flat,w32,aggressive_in_out,66.07,66.98
6,flat,w128,get,21.99,22.79
6,flat,w128,best,3.66,3.67
6,flat,w128,range8,23.11,23.76
6,flat,w128,set_working,20.01,20.46
6,flat,w128,reprice_to_top,101.57,103.01
6,flat,w128,roll,72.39,73.25
6,flat,w128,aggressive_in_out,73.54,74.67
6,flat,w512,get,26.16,27.04
6,flat,w512,best,3.66,3.67
6,flat,w512,range8,27.49,34.66
6,flat,w512,set_working,23.56,24.24
6,flat,w512,reprice_to_top,153.51,170.79
6,flat,w512,roll,43.12,91.80
6,flat,w512,aggressive_in_out,43.21,45.39
6,vecdeque,w4,get,13.83,14.56
6,vecdeque,w4,best,1.27,1.27
6,vecdeque,w4,range8,6.56,6.57
6,vecdeque,w4,set_working,12.87,13.21
6,vecdeque,w4,reprice_to_top,37.91,93.87
6,vecdeque,w4,roll,23.42,24.45
6,vecdeque,w4,aggressive_in_out,25.71,26.07
6,vecdeque,w16,get,10.30,10.70
6,vecdeque,w16,best,1.27,1.27
6,vecdeque,w16,range8,8.20,8.24
6,vecdeque,w16,set_working,8.58,8.66
6,vecdeque,w16,reprice_to_top,53.08,54.62
6,vecdeque,w16,roll,31.57,47.98
6,vecdeque,w16,aggressive_in_out,35.63,35.93
6,vecdeque,w32,get,10.04,10.42
6,vecdeque,w32,best,2.01,2.31
6,vecdeque,w32,range8,8.18,15.23
6,vecdeque,w32,set_working,9.45,10.80
6,vecdeque,w32,reprice_to_top,60.96,153.13
6,vecdeque,w32,roll,34.02,34.48
6,vecdeque,w32,aggressive_in_out,39.10,39.29
6,vecdeque,w128,get,11.51,17.41
6,vecdeque,w128,best,1.27,1.27
6,vecdeque,w128,range8,8.22,14.48
6,vecdeque,w128,set_working,12.29,12.40
6,vecdeque,w128,reprice_to_top,78.70,98.86
6,vecdeque,w128,roll,40.92,41.18
6,vecdeque,w128,aggressive_in_out,46.08,46.40
6,vecdeque,w512,get,13.71,13.92
6,vecdeque,w512,best,1.41,1.42
6,vecdeque,w512,range8,8.16,8.21
6,vecdeque,w512,set_working,15.23,16.76
6,vecdeque,w512,reprice_to_top,103.79,156.34
6,vecdeque,w512,roll,50.09,61.39
6,vecdeque,w512,aggressive_in_out,52.14,66.29
6,pages,w4,get,11.14,11.59
6,pages,w4,best,4.70,7.48
6,pages,w4,range8,14.92,23.47
6,pages,w4,set_working,12.01,13.34
6,pages,w4,reprice_to_top,19.61,20.85
6,pages,w4,roll,15.81,16.21
6,pages,w4,aggressive_in_out,85.56,199.20
6,pages,w16,get,12.22,12.84
6,pages,w16,best,11.86,11.91
6,pages,w16,range8,39.82,40.56
6,pages,w16,set_working,13.24,14.00
6,pages,w16,reprice_to_top,47.07,48.96
6,pages,w16,roll,38.31,39.48
6,pages,w16,aggressive_in_out,199.27,210.50
6,pages,w32,get,11.13,11.87
6,pages,w32,best,11.49,11.90
6,pages,w32,range8,39.44,40.27
6,pages,w32,set_working,12.32,12.96
6,pages,w32,reprice_to_top,51.97,55.10
6,pages,w32,roll,35.93,39.84
6,pages,w32,aggressive_in_out,198.07,205.07
6,pages,w128,get,13.05,13.89
6,pages,w128,best,7.46,7.87
6,pages,w128,range8,28.19,28.75
6,pages,w128,set_working,12.74,14.01
6,pages,w128,reprice_to_top,55.72,61.52
6,pages,w128,roll,28.82,42.47
6,pages,w128,aggressive_in_out,201.46,224.37
6,pages,w512,get,21.33,21.96
6,pages,w512,best,17.88,18.20
6,pages,w512,range8,53.34,53.85
6,pages,w512,set_working,23.21,24.91
6,pages,w512,reprice_to_top,98.65,109.32
6,pages,w512,roll,51.45,53.59
6,pages,w512,aggressive_in_out,271.38,291.12
6,btree,w4,get,18.00,18.79
6,btree,w4,best,1.88,2.49
6,btree,w4,range8,36.12,37.59
6,btree,w4,set_working,21.78,23.66
6,btree,w4,reprice_to_top,102.11,104.22
6,btree,w4,roll,91.65,94.21
6,btree,w4,aggressive_in_out,108.96,113.34
6,btree,w16,get,25.91,27.11
6,btree,w16,best,4.54,4.55
6,btree,w16,range8,62.71,103.16
6,btree,w16,set_working,25.73,29.26
6,btree,w16,reprice_to_top,146.32,154.59
6,btree,w16,roll,137.70,140.23
6,btree,w16,aggressive_in_out,150.70,156.73
6,btree,w32,get,30.21,31.39
6,btree,w32,best,4.54,4.55
6,btree,w32,range8,57.87,59.32
6,btree,w32,set_working,39.56,43.16
6,btree,w32,reprice_to_top,179.73,208.44
6,btree,w32,roll,145.61,152.27
6,btree,w32,aggressive_in_out,139.38,143.18
6,btree,w128,get,38.04,39.77
6,btree,w128,best,4.89,5.14
6,btree,w128,range8,84.79,87.98
6,btree,w128,set_working,48.98,52.29
6,btree,w128,reprice_to_top,282.16,399.99
6,btree,w128,roll,183.14,201.99
6,btree,w128,aggressive_in_out,229.23,250.35
6,btree,w512,get,46.54,49.27
6,btree,w512,best,5.12,5.14
6,btree,w512,range8,96.17,98.57
6,btree,w512,set_working,63.99,69.22
6,btree,w512,reprice_to_top,327.80,429.27
6,btree,w512,roll,133.89,210.95
6,btree,w512,aggressive_in_out,258.95,282.55
7,btree,w4,get,17.73,18.85
7,btree,w4,best,2.48,2.51
7,btree,w4,range8,35.76,37.60
7,btree,w4,set_working,21.26,23.45
7,btree,w4,reprice_to_top,102.24,120.45
7,btree,w4,roll,90.98,93.93
7,btree,w4,aggressive_in_out,109.66,113.67
7,btree,w16,get,26.27,27.29
7,btree,w16,best,4.55,4.55
7,btree,w16,range8,60.55,62.77
7,btree,w16,set_working,31.02,34.89
7,btree,w16,reprice_to_top,146.97,154.83
7,btree,w16,roll,139.32,141.66
7,btree,w16,aggressive_in_out,151.27,155.16
7,btree,w32,get,29.00,30.61
7,btree,w32,best,4.55,4.55
7,btree,w32,range8,51.50,59.27
7,btree,w32,set_working,34.20,37.18
7,btree,w32,reprice_to_top,144.83,188.06
7,btree,w32,roll,144.30,147.63
7,btree,w32,aggressive_in_out,138.02,141.48
7,btree,w128,get,38.70,41.87
7,btree,w128,best,5.13,5.14
7,btree,w128,range8,85.63,88.02
7,btree,w128,set_working,49.03,52.52
7,btree,w128,reprice_to_top,265.02,326.84
7,btree,w128,roll,182.59,196.82
7,btree,w128,aggressive_in_out,228.05,248.86
7,btree,w512,get,64.21,76.68
7,btree,w512,best,3.97,4.87
7,btree,w512,range8,66.26,95.67
7,btree,w512,set_working,63.33,67.96
7,btree,w512,reprice_to_top,335.87,451.37
7,btree,w512,roll,210.58,232.05
7,btree,w512,aggressive_in_out,269.87,295.62
7,window128,w4,get,11.41,11.79
7,window128,w4,best,5.12,5.14
7,window128,w4,range8,27.19,27.78
7,window128,w4,set_working,12.11,12.49
7,window128,w4,reprice_to_top,63.97,104.43
7,window128,w4,roll,62.64,65.47
7,window128,w4,aggressive_in_out,60.41,62.93
7,window128,w16,get,8.37,9.39
7,window128,w16,best,4.77,4.98
7,window128,w16,range8,37.06,37.58
7,window128,w16,set_working,5.28,6.21
7,window128,w16,reprice_to_top,13.64,14.27
7,window128,w16,roll,10.22,10.58
7,window128,w16,aggressive_in_out,33.37,34.57
7,window128,w32,get,7.46,8.21
7,window128,w32,best,4.70,4.95
7,window128,w32,range8,53.84,55.10
7,window128,w32,set_working,7.45,7.68
7,window128,w32,reprice_to_top,23.15,24.55
7,window128,w32,roll,18.25,18.56
7,window128,w32,aggressive_in_out,56.15,58.11
7,window128,w128,get,11.07,12.28
7,window128,w128,best,8.37,8.45
7,window128,w128,range8,69.39,70.75
7,window128,w128,set_working,8.18,8.60
7,window128,w128,reprice_to_top,61.05,64.36
7,window128,w128,roll,78.61,87.74
7,window128,w128,aggressive_in_out,69.56,72.20
7,window128,w512,get,24.11,25.20
7,window128,w512,best,8.08,8.38
7,window128,w512,range8,77.95,78.79
7,window128,w512,set_working,20.84,21.36
7,window128,w512,reprice_to_top,131.68,139.71
7,window128,w512,roll,107.59,109.14
7,window128,w512,aggressive_in_out,81.89,82.66
7,window64,w4,get,11.18,11.60
7,window64,w4,best,4.54,4.55
7,window64,w4,range8,26.62,27.29
7,window64,w4,set_working,11.88,12.49
7,window64,w4,reprice_to_top,62.80,64.99
7,window64,w4,roll,62.29,64.72
7,window64,w4,aggressive_in_out,59.59,61.73
7,window64,w16,get,7.92,9.51
7,window64,w16,best,3.53,3.67
7,window64,w16,range8,23.23,23.47
7,window64,w16,set_working,3.96,4.58
7,window64,w16,reprice_to_top,14.67,15.58
7,window64,w16,roll,12.27,12.81
7,window64,w16,aggressive_in_out,33.43,34.53
7,window64,w32,get,6.80,7.80
7,window64,w32,best,3.47,3.69
7,window64,w32,range8,23.31,23.84
7,window64,w32,set_working,3.05,3.50
7,window64,w32,reprice_to_top,29.77,31.79
7,window64,w32,roll,16.90,17.09
7,window64,w32,aggressive_in_out,56.25,57.73
7,window64,w128,get,20.24,21.44
7,window64,w128,best,6.26,6.36
7,window64,w128,range8,55.73,56.31
7,window64,w128,set_working,16.05,16.74
7,window64,w128,reprice_to_top,80.07,83.80
7,window64,w128,roll,89.55,117.78
7,window64,w128,aggressive_in_out,73.37,74.81
7,window64,w512,get,24.27,25.47
7,window64,w512,best,6.29,6.32
7,window64,w512,range8,60.12,61.00
7,window64,w512,set_working,21.35,21.92
7,window64,w512,reprice_to_top,143.54,153.21
7,window64,w512,roll,98.48,102.49
7,window64,w512,aggressive_in_out,81.29,82.03
7,flat,w4,get,10.27,10.78
7,flat,w4,best,3.66,3.67
7,flat,w4,range8,11.11,11.32
7,flat,w4,set_working,8.94,11.89
7,flat,w4,reprice_to_top,60.34,62.00
7,flat,w4,roll,59.07,61.95
7,flat,w4,aggressive_in_out,57.74,60.20
7,flat,w16,get,15.73,16.43
7,flat,w16,best,3.38,3.66
7,flat,w16,range8,16.96,17.22
7,flat,w16,set_working,14.57,14.85
7,flat,w16,reprice_to_top,94.23,105.07
7,flat,w16,roll,63.23,75.58
7,flat,w16,aggressive_in_out,61.69,62.66
7,flat,w32,get,17.91,18.64
7,flat,w32,best,3.66,3.68
7,flat,w32,range8,18.67,19.32
7,flat,w32,set_working,16.34,17.47
7,flat,w32,reprice_to_top,81.19,82.20
7,flat,w32,roll,65.55,66.74
7,flat,w32,aggressive_in_out,66.46,76.80
7,flat,w128,get,21.77,22.59
7,flat,w128,best,3.66,3.67
7,flat,w128,range8,22.55,23.27
7,flat,w128,set_working,20.14,20.19
7,flat,w128,reprice_to_top,102.89,105.87
7,flat,w128,roll,74.57,75.27
7,flat,w128,aggressive_in_out,73.82,74.37
7,flat,w512,get,26.54,27.86
7,flat,w512,best,3.61,3.67
7,flat,w512,range8,26.36,27.62
7,flat,w512,set_working,23.88,24.22
7,flat,w512,reprice_to_top,152.41,255.17
7,flat,w512,roll,84.36,151.79
7,flat,w512,aggressive_in_out,82.30,83.46
7,vecdeque,w4,get,18.16,19.48
7,vecdeque,w4,best,3.37,3.38
7,vecdeque,w4,range8,16.59,17.19
7,vecdeque,w4,set_working,17.75,33.77
7,vecdeque,w4,reprice_to_top,45.48,46.99
7,vecdeque,w4,roll,37.25,38.56
7,vecdeque,w4,aggressive_in_out,40.64,41.78
7,vecdeque,w16,get,13.90,16.50
7,vecdeque,w16,best,3.37,3.40
7,vecdeque,w16,range8,21.82,22.03
7,vecdeque,w16,set_working,16.74,17.03
7,vecdeque,w16,reprice_to_top,80.68,82.53
7,vecdeque,w16,roll,67.90,70.17
7,vecdeque,w16,aggressive_in_out,73.79,74.76
7,vecdeque,w32,get,17.71,18.37
7,vecdeque,w32,best,3.37,3.39
7,vecdeque,w32,range8,21.81,22.01
7,vecdeque,w32,set_working,21.99,24.02
7,vecdeque,w32,reprice_to_top,88.33,93.11
7,vecdeque,w32,roll,73.17,75.81
7,vecdeque,w32,aggressive_in_out,77.61,79.61
7,vecdeque,w128,get,19.90,20.34
7,vecdeque,w128,best,3.34,3.37
7,vecdeque,w128,range8,20.78,21.90
7,vecdeque,w128,set_working,22.31,22.48
7,vecdeque,w128,reprice_to_top,110.37,116.44
7,vecdeque,w128,roll,81.49,83.43
7,vecdeque,w128,aggressive_in_out,85.46,86.80
7,vecdeque,w512,get,22.94,23.62
7,vecdeque,w512,best,3.37,3.38
7,vecdeque,w512,range8,21.35,21.90
7,vecdeque,w512,set_working,26.12,26.54
7,vecdeque,w512,reprice_to_top,162.33,184.33
7,vecdeque,w512,roll,49.97,50.59
7,vecdeque,w512,aggressive_in_out,76.05,76.34
7,pages,w4,get,11.16,14.70
7,pages,w4,best,4.65,4.66
7,pages,w4,range8,26.16,26.60
7,pages,w4,set_working,11.29,15.46
7,pages,w4,reprice_to_top,18.67,19.53
7,pages,w4,roll,15.74,16.18
7,pages,w4,aggressive_in_out,84.84,99.88
7,pages,w16,get,10.16,10.73
7,pages,w16,best,7.75,8.07
7,pages,w16,range8,16.48,28.04
7,pages,w16,set_working,7.11,9.67
7,pages,w16,reprice_to_top,23.96,40.44
7,pages,w16,roll,15.85,31.26
7,pages,w16,aggressive_in_out,86.33,142.96
7,pages,w32,get,7.48,7.89
7,pages,w32,best,4.65,4.66
7,pages,w32,range8,16.36,16.90
7,pages,w32,set_working,6.02,6.42
7,pages,w32,reprice_to_top,29.57,40.19
7,pages,w32,roll,16.32,16.48
7,pages,w32,aggressive_in_out,85.88,109.90
7,pages,w128,get,11.55,13.74
7,pages,w128,best,4.95,4.96
7,pages,w128,range8,18.58,19.18
7,pages,w128,set_working,10.51,12.69
7,pages,w128,reprice_to_top,43.06,47.40
7,pages,w128,roll,16.88,17.26
7,pages,w128,aggressive_in_out,91.15,92.55
7,pages,w512,get,16.00,16.30
7,pages,w512,best,6.81,6.85
7,pages,w512,range8,23.72,24.11
7,pages,w512,set_working,17.54,20.90
7,pages,w512,reprice_to_top,61.23,80.01
7,pages,w512,roll,20.73,21.07
7,pages,w512,aggressive_in_out,120.20,156.73
8,pages,w4,get,10.62,11.20
8,pages,w4,best,4.65,4.66
8,pages,w4,range8,14.94,25.93
8,pages,w4,set_working,16.19,18.40
8,pages,w4,reprice_to_top,32.80,36.33
8,pages,w4,roll,27.57,33.22
8,pages,w4,aggressive_in_out,158.24,196.30
8,pages,w16,get,10.68,11.48
8,pages,w16,best,8.23,9.34
8,pages,w16,range8,29.68,34.46
8,pages,w16,set_working,10.19,12.58
8,pages,w16,reprice_to_top,36.61,44.52
8,pages,w16,roll,29.38,34.71
8,pages,w16,aggressive_in_out,163.57,234.71
8,pages,w32,get,11.04,12.27
8,pages,w32,best,8.98,11.12
8,pages,w32,range8,31.66,37.38
8,pages,w32,set_working,9.98,11.98
8,pages,w32,reprice_to_top,45.36,51.47
8,pages,w32,roll,29.16,35.73
8,pages,w32,aggressive_in_out,170.61,240.80
8,pages,w128,get,14.30,15.52
8,pages,w128,best,8.63,9.72
8,pages,w128,range8,32.76,39.65
8,pages,w128,set_working,14.47,17.25
8,pages,w128,reprice_to_top,66.39,73.44
8,pages,w128,roll,33.41,39.80
8,pages,w128,aggressive_in_out,142.55,221.23
8,pages,w512,get,15.88,16.19
8,pages,w512,best,6.81,6.82
8,pages,w512,range8,23.70,23.96
8,pages,w512,set_working,16.03,16.39
8,pages,w512,reprice_to_top,60.88,65.59
8,pages,w512,roll,20.97,21.56
8,pages,w512,aggressive_in_out,118.56,175.65
8,btree,w4,get,13.38,15.00
8,btree,w4,best,1.57,1.59
8,btree,w4,range8,16.29,24.66
8,btree,w4,set_working,16.71,19.09
8,btree,w4,reprice_to_top,54.09,100.43
8,btree,w4,roll,36.39,59.43
8,btree,w4,aggressive_in_out,47.54,49.66
8,btree,w16,get,20.35,21.91
8,btree,w16,best,1.93,3.13
8,btree,w16,range8,23.02,23.12
8,btree,w16,set_working,23.77,29.01
8,btree,w16,reprice_to_top,120.37,141.40
8,btree,w16,roll,63.19,114.80
8,btree,w16,aggressive_in_out,66.37,105.11
8,btree,w32,get,26.61,29.70
8,btree,w32,best,1.87,3.96
8,btree,w32,range8,21.92,40.37
8,btree,w32,set_working,31.40,38.63
8,btree,w32,reprice_to_top,116.66,162.50
8,btree,w32,roll,119.21,183.49
8,btree,w32,aggressive_in_out,110.13,191.29
8,btree,w128,get,35.35,38.45
8,btree,w128,best,4.20,4.32
8,btree,w128,range8,57.84,76.01
8,btree,w128,set_working,45.27,50.45
8,btree,w128,reprice_to_top,224.53,322.74
8,btree,w128,roll,154.77,180.87
8,btree,w128,aggressive_in_out,168.98,202.70
8,btree,w512,get,42.11,48.48
8,btree,w512,best,3.64,4.28
8,btree,w512,range8,65.48,74.97
8,btree,w512,set_working,62.83,551.74
8,btree,w512,reprice_to_top,240.64,414.17
8,btree,w512,roll,96.47,183.02
8,btree,w512,aggressive_in_out,186.48,262.64
8,window128,w4,get,9.18,11.14
8,window128,w4,best,4.31,4.77
8,window128,w4,range8,11.98,25.85
8,window128,w4,set_working,4.80,7.42
8,window128,w4,reprice_to_top,33.42,50.43
8,window128,w4,roll,27.52,28.97
8,window128,w4,aggressive_in_out,23.82,24.88
8,window128,w16,get,7.14,7.82
8,window128,w16,best,3.18,5.97
8,window128,w16,range8,22.65,36.32
8,window128,w16,set_working,3.98,5.51
8,window128,w16,reprice_to_top,9.24,19.22
8,window128,w16,roll,7.39,12.65
8,window128,w16,aggressive_in_out,22.85,23.16
8,window128,w32,get,6.36,8.04
8,window128,w32,best,3.17,5.96
8,window128,w32,range8,22.56,22.81
8,window128,w32,set_working,3.41,3.59
8,window128,w32,reprice_to_top,11.64,17.91
8,window128,w32,roll,7.39,7.43
8,window128,w32,aggressive_in_out,22.88,39.34
8,window128,w128,get,8.17,10.56
8,window128,w128,best,3.19,5.66
8,window128,w128,range8,29.52,56.83
8,window128,w128,set_working,5.95,7.16
8,window128,w128,reprice_to_top,57.38,62.32
8,window128,w128,roll,56.43,70.73
8,window128,w128,aggressive_in_out,28.51,44.16
8,window128,w512,get,17.45,22.16
8,window128,w512,best,3.18,3.37
8,window128,w512,range8,36.51,67.83
8,window128,w512,set_working,11.66,11.86
8,window128,w512,reprice_to_top,84.05,128.87
8,window128,w512,roll,54.48,55.90
8,window128,w512,aggressive_in_out,42.11,59.79
8,window64,w4,get,7.00,9.53
8,window64,w4,best,1.99,2.00
8,window64,w4,range8,11.86,12.15
8,window64,w4,set_working,4.80,5.12
8,window64,w4,reprice_to_top,32.53,50.14
8,window64,w4,roll,25.20,42.55
8,window64,w4,aggressive_in_out,24.50,47.75
8,window64,w16,get,6.52,7.55
8,window64,w16,best,2.30,4.36
8,window64,w16,range8,14.88,29.97
8,window64,w16,set_working,3.45,4.71
8,window64,w16,reprice_to_top,10.27,11.16
8,window64,w16,roll,8.78,8.86
8,window64,w16,aggressive_in_out,23.02,104.75
8,window64,w32,get,5.76,7.77
8,window64,w32,best,2.45,2.45
8,window64,w32,range8,14.59,14.89
8,window64,w32,set_working,2.57,2.77
8,window64,w32,reprice_to_top,18.09,41.70
8,window64,w32,roll,8.78,14.10
8,window64,w32,aggressive_in_out,23.17,43.92
8,window64,w128,get,16.52,20.18
8,window64,w128,best,2.45,2.46
8,window64,w128,range8,25.57,48.56
8,window64,w128,set_working,9.62,12.97
8,window64,w128,reprice_to_top,74.86,82.00
8,window64,w128,roll,76.07,81.46
8,window64,w128,aggressive_in_out,36.61,64.16
8,window64,w512,get,17.44,23.35
8,window64,w512,best,3.70,4.57
8,window64,w512,range8,29.45,50.23
8,window64,w512,set_working,21.41,22.50
8,window64,w512,reprice_to_top,148.06,167.67
8,window64,w512,roll,96.41,101.53
8,window64,w512,aggressive_in_out,80.20,80.51
8,flat,w4,get,10.54,10.95
8,flat,w4,best,3.59,3.62
8,flat,w4,range8,11.45,11.82
8,flat,w4,set_working,11.66,12.14
8,flat,w4,reprice_to_top,60.09,60.96
8,flat,w4,roll,59.93,60.66
8,flat,w4,aggressive_in_out,58.04,58.79
8,flat,w16,get,15.77,16.42
8,flat,w16,best,3.55,3.62
8,flat,w16,range8,16.86,17.01
8,flat,w16,set_working,11.98,14.67
8,flat,w16,reprice_to_top,72.04,73.03
8,flat,w16,roll,62.65,63.16
8,flat,w16,aggressive_in_out,61.97,62.44
8,flat,w32,get,17.64,18.19
8,flat,w32,best,3.58,3.62
8,flat,w32,range8,18.69,18.92
8,flat,w32,set_working,16.32,16.64
8,flat,w32,reprice_to_top,81.21,83.07
8,flat,w32,roll,65.65,66.07
8,flat,w32,aggressive_in_out,65.48,66.12
8,flat,w128,get,21.68,22.35
8,flat,w128,best,3.59,3.62
8,flat,w128,range8,22.78,23.03
8,flat,w128,set_working,19.93,22.46
8,flat,w128,reprice_to_top,102.93,104.37
8,flat,w128,roll,72.17,72.86
8,flat,w128,aggressive_in_out,72.61,73.07
8,flat,w512,get,27.38,28.21
8,flat,w512,best,3.59,3.62
8,flat,w512,range8,26.61,27.06
8,flat,w512,set_working,24.72,25.55
8,flat,w512,reprice_to_top,160.96,277.79
8,flat,w512,roll,87.90,88.68
8,flat,w512,aggressive_in_out,81.71,82.57
8,vecdeque,w4,get,17.36,18.00
8,vecdeque,w4,best,3.30,3.33
8,vecdeque,w4,range8,16.72,16.97
8,vecdeque,w4,set_working,17.57,18.08
8,vecdeque,w4,reprice_to_top,70.29,71.32
8,vecdeque,w4,roll,64.40,65.18
8,vecdeque,w4,aggressive_in_out,72.10,72.83
8,vecdeque,w16,get,15.73,16.42
8,vecdeque,w16,best,3.30,3.33
8,vecdeque,w16,range8,21.59,21.64
8,vecdeque,w16,set_working,16.20,16.46
8,vecdeque,w16,reprice_to_top,81.26,101.28
8,vecdeque,w16,roll,70.39,71.21
8,vecdeque,w16,aggressive_in_out,74.82,75.02
8,vecdeque,w32,get,15.91,17.36
8,vecdeque,w32,best,3.29,3.32
8,vecdeque,w32,range8,21.56,21.64
8,vecdeque,w32,set_working,18.21,18.45
8,vecdeque,w32,reprice_to_top,90.74,93.88
8,vecdeque,w32,roll,74.49,74.70
8,vecdeque,w32,aggressive_in_out,78.36,78.53
8,vecdeque,w128,get,19.43,19.95
8,vecdeque,w128,best,3.30,3.33
8,vecdeque,w128,range8,21.59,21.64
8,vecdeque,w128,set_working,22.10,22.20
8,vecdeque,w128,reprice_to_top,110.86,118.22
8,vecdeque,w128,roll,63.06,91.85
8,vecdeque,w128,aggressive_in_out,86.03,97.05
8,vecdeque,w512,get,20.75,22.64
8,vecdeque,w512,best,2.11,2.56
8,vecdeque,w512,range8,8.23,19.20
8,vecdeque,w512,set_working,15.24,24.18
8,vecdeque,w512,reprice_to_top,172.58,189.96
8,vecdeque,w512,roll,100.14,101.16
8,vecdeque,w512,aggressive_in_out,93.86,94.64
9,vecdeque,w4,get,17.24,18.02
9,vecdeque,w4,best,3.30,3.33
9,vecdeque,w4,range8,16.74,16.97
9,vecdeque,w4,set_working,17.94,18.44
9,vecdeque,w4,reprice_to_top,70.32,71.22
9,vecdeque,w4,roll,64.07,65.10
9,vecdeque,w4,aggressive_in_out,70.04,72.87
9,vecdeque,w16,get,16.17,16.46
9,vecdeque,w16,best,3.30,3.33
9,vecdeque,w16,range8,21.44,21.63
9,vecdeque,w16,set_working,16.18,16.43
9,vecdeque,w16,reprice_to_top,82.17,270.55
9,vecdeque,w16,roll,70.79,71.29
9,vecdeque,w16,aggressive_in_out,73.34,74.86
9,vecdeque,w32,get,17.08,17.36
9,vecdeque,w32,best,3.30,3.33
9,vecdeque,w32,range8,21.50,21.64
9,vecdeque,w32,set_working,18.13,18.49
9,vecdeque,w32,reprice_to_top,90.27,92.43
9,vecdeque,w32,roll,73.93,74.64
9,vecdeque,w32,aggressive_in_out,77.97,78.47
9,vecdeque,w128,get,19.60,20.03
9,vecdeque,w128,best,3.30,3.33
9,vecdeque,w128,range8,21.52,21.65
9,vecdeque,w128,set_working,22.02,22.43
9,vecdeque,w128,reprice_to_top,114.91,118.69
9,vecdeque,w128,roll,81.95,82.35
9,vecdeque,w128,aggressive_in_out,84.80,85.43
9,vecdeque,w512,get,24.03,24.59
9,vecdeque,w512,best,3.29,3.33
9,vecdeque,w512,range8,21.39,21.64
9,vecdeque,w512,set_working,26.82,27.45
9,vecdeque,w512,reprice_to_top,173.76,190.33
9,vecdeque,w512,roll,99.85,101.06
9,vecdeque,w512,aggressive_in_out,93.66,94.73
9,pages,w4,get,14.96,15.65
9,pages,w4,best,11.71,11.76
9,pages,w4,range8,36.17,36.41
9,pages,w4,set_working,17.59,18.96
9,pages,w4,reprice_to_top,42.70,46.28
9,pages,w4,roll,37.73,38.75
9,pages,w4,aggressive_in_out,191.99,212.13
9,pages,w16,get,12.55,12.98
9,pages,w16,best,11.66,11.75
9,pages,w16,range8,39.19,39.75
9,pages,w16,set_working,13.17,13.87
9,pages,w16,reprice_to_top,47.95,108.09
9,pages,w16,roll,38.72,39.33
9,pages,w16,aggressive_in_out,197.33,215.00
9,pages,w32,get,11.91,12.23
9,pages,w32,best,11.59,12.09
9,pages,w32,range8,39.66,39.95
9,pages,w32,set_working,12.64,13.04
9,pages,w32,reprice_to_top,53.10,101.72
9,pages,w32,roll,39.66,40.10
9,pages,w32,aggressive_in_out,197.61,217.80
9,pages,w128,get,15.91,16.45
9,pages,w128,best,12.59,12.62
9,pages,w128,range8,42.79,43.16
9,pages,w128,set_working,15.66,16.34
9,pages,w128,reprice_to_top,75.61,83.38
9,pages,w128,roll,41.66,42.57
9,pages,w128,aggressive_in_out,194.02,201.71
9,pages,w512,get,16.02,18.74
9,pages,w512,best,6.81,6.83
9,pages,w512,range8,23.98,51.09
9,pages,w512,set_working,16.05,16.52
9,pages,w512,reprice_to_top,62.85,91.24
9,pages,w512,roll,40.86,46.63
9,pages,w512,aggressive_in_out,121.91,269.59
9,btree,w4,get,17.69,18.31
9,btree,w4,best,2.43,2.45
9,btree,w4,range8,36.74,36.93
9,btree,w4,set_working,20.34,22.37
9,btree,w4,reprice_to_top,95.34,102.43
9,btree,w4,roll,90.64,92.66
9,btree,w4,aggressive_in_out,111.67,112.06
9,btree,w16,get,24.98,25.83
9,btree,w16,best,4.44,4.47
9,btree,w16,range8,61.51,61.70
9,btree,w16,set_working,22.91,26.68
9,btree,w16,reprice_to_top,126.25,140.93
9,btree,w16,roll,109.70,141.49
9,btree,w16,aggressive_in_out,86.06,105.72
9,btree,w32,get,27.35,30.12
9,btree,w32,best,3.32,3.98
9,btree,w32,range8,43.65,45.83
9,btree,w32,set_working,36.38,40.77
9,btree,w32,reprice_to_top,161.79,182.99
9,btree,w32,roll,117.07,136.46
9,btree,w32,aggressive_in_out,100.22,103.54
9,btree,w128,get,36.32,43.82
9,btree,w128,best,3.75,4.48
9,btree,w128,range8,66.00,76.06
9,btree,w128,set_working,45.84,48.71
9,btree,w128,reprice_to_top,251.64,326.36
9,btree,w128,roll,147.39,190.70
9,btree,w128,aggressive_in_out,166.36,191.73
9,btree,w512,get,42.25,44.85
9,btree,w512,best,3.84,4.53
9,btree,w512,range8,73.64,79.66
9,btree,w512,set_working,58.52,63.61
9,btree,w512,reprice_to_top,312.36,430.72
9,btree,w512,roll,162.36,275.14
9,btree,w512,aggressive_in_out,187.51,218.65
9,window128,w4,get,9.53,11.06
9,window128,w4,best,4.43,4.84
9,window128,w4,range8,22.59,27.09
9,window128,w4,set_working,8.60,11.02
9,window128,w4,reprice_to_top,50.09,55.51
9,window128,w4,roll,45.83,51.86
9,window128,w4,aggressive_in_out,44.31,102.93
9,window128,w16,get,9.04,10.30
9,window128,w16,best,5.38,7.34
9,window128,w16,range8,43.77,51.10
9,window128,w16,set_working,5.83,7.23
9,window128,w16,reprice_to_top,15.62,18.46
9,window128,w16,roll,12.66,15.82
9,window128,w16,aggressive_in_out,36.97,46.32
9,window128,w32,get,7.09,7.63
9,window128,w32,best,4.54,5.18
9,window128,w32,range8,36.18,36.54
9,window128,w32,set_working,4.43,4.60
9,window128,w32,reprice_to_top,15.45,18.03
9,window128,w32,roll,13.03,13.99
9,window128,w32,aggressive_in_out,42.93,46.30
9,window128,w128,get,10.35,15.82
9,window128,w128,best,5.91,7.13
9,window128,w128,range8,56.07,57.63
9,window128,w128,set_working,6.42,7.27
9,window128,w128,reprice_to_top,56.42,59.21
9,window128,w128,roll,63.74,65.85
9,window128,w128,aggressive_in_out,52.90,56.03
9,window128,w512,get,23.21,24.03
9,window128,w512,best,5.90,6.97
9,window128,w512,range8,68.68,69.48
9,window128,w512,set_working,19.23,19.79
9,window128,w512,reprice_to_top,123.32,224.61
9,window128,w512,roll,102.52,104.16
9,window128,w512,aggressive_in_out,70.57,75.60
9,window64,w4,get,9.87,10.50
9,window64,w4,best,3.47,4.02
9,window64,w4,range8,20.62,21.57
9,window64,w4,set_working,9.11,11.42
9,window64,w4,reprice_to_top,51.70,55.05
9,window64,w4,roll,46.81,50.14
9,window64,w4,aggressive_in_out,41.71,43.73
9,window64,w16,get,8.05,8.96
9,window64,w16,best,3.71,4.70
9,window64,w16,range8,25.74,27.04
9,window64,w16,set_working,4.23,4.62
9,window64,w16,reprice_to_top,14.90,17.08
9,window64,w16,roll,12.66,15.06
9,window64,w16,aggressive_in_out,33.81,42.85
9,window64,w32,get,6.71,8.00
9,window64,w32,best,3.47,4.90
9,window64,w32,range8,23.56,28.46
9,window64,w32,set_working,3.36,4.36
9,window64,w32,reprice_to_top,24.40,29.29
9,window64,w32,roll,12.41,14.71
9,window64,w32,aggressive_in_out,32.36,41.87
9,window64,w128,get,18.43,19.61
9,window64,w128,best,3.44,4.28
9,window64,w128,range8,45.16,51.08
9,window64,w128,set_working,13.64,15.05
9,window64,w128,reprice_to_top,71.61,83.81
9,window64,w128,roll,67.74,72.28
9,window64,w128,aggressive_in_out,61.33,62.39
9,window64,w512,get,23.21,24.09
9,window64,w512,best,4.28,5.48
9,window64,w512,range8,52.10,52.98
9,window64,w512,set_working,19.86,20.38
9,window64,w512,reprice_to_top,134.62,149.23
9,window64,w512,roll,88.53,91.00
9,window64,w512,aggressive_in_out,70.01,71.02
9,flat,w4,get,9.01,9.68
9,flat,w4,best,2.57,3.29
9,flat,w4,range8,8.82,9.71
9,flat,w4,set_working,8.82,9.86
9,flat,w4,reprice_to_top,49.05,51.54
9,flat,w4,roll,43.92,45.73
9,flat,w4,aggressive_in_out,42.09,44.27
9,flat,w16,get,14.42,15.24
9,flat,w16,best,2.54,3.29
9,flat,w16,range8,15.14,15.75
9,flat,w16,set_working,12.32,12.69
9,flat,w16,reprice_to_top,65.88,67.18
9,flat,w16,roll,51.88,53.00
9,flat,w16,aggressive_in_out,50.43,51.38
9,flat,w32,get,16.18,16.89
9,flat,w32,best,2.55,3.25
9,flat,w32,range8,17.04,17.56
9,flat,w32,set_working,13.92,14.33
9,flat,w32,reprice_to_top,76.38,81.43
9,flat,w32,roll,55.24,56.55
9,flat,w32,aggressive_in_out,56.27,57.48
9,flat,w128,get,20.32,21.27
9,flat,w128,best,2.81,3.36
9,flat,w128,range8,20.96,21.48
9,flat,w128,set_working,18.80,19.39
9,flat,w128,reprice_to_top,97.20,99.76
9,flat,w128,roll,62.75,65.68
9,flat,w128,aggressive_in_out,59.55,60.71
9,flat,w512,get,25.33,26.06
9,flat,w512,best,2.07,3.07
9,flat,w512,range8,24.39,24.88
9,flat,w512,set_working,22.38,23.14
9,flat,w512,reprice_to_top,135.81,145.99
9,flat,w512,roll,80.19,174.30
9,flat,w512,aggressive_in_out,72.77,74.91
10,flat,w4,get,8.43,9.95
10,flat,w4,best,2.05,3.02
10,flat,w4,range8,7.19,9.50
10,flat,w4,set_working,7.06,10.06
10,flat,w4,reprice_to_top,41.85,49.25
10,flat,w4,roll,39.43,45.89
10,flat,w4,aggressive_in_out,37.09,45.36
10,flat,w16,get,14.08,15.20
10,flat,w16,best,2.05,3.08
10,flat,w16,range8,14.95,16.12
10,flat,w16,set_working,11.17,12.34
10,flat,w16,reprice_to_top,64.74,71.20
10,flat,w16,roll,44.50,53.04
10,flat,w16,aggressive_in_out,50.52,53.90
10,flat,w32,get,16.20,16.88
10,flat,w32,best,2.54,3.25
10,flat,w32,range8,17.00,17.72
10,flat,w32,set_working,13.74,14.35
10,flat,w32,reprice_to_top,76.05,95.22
10,flat,w32,roll,55.21,56.35
10,flat,w32,aggressive_in_out,56.15,57.09
10,flat,w128,get,20.06,20.88
10,flat,w128,best,2.48,3.22
10,flat,w128,range8,20.77,21.35
10,flat,w128,set_working,17.79,18.32
10,flat,w128,reprice_to_top,95.83,97.68
10,flat,w128,roll,61.85,63.04
10,flat,w128,aggressive_in_out,62.01,63.01
10,flat,w512,get,25.38,26.26
10,flat,w512,best,2.56,3.23
10,flat,w512,range8,24.85,25.39
10,flat,w512,set_working,22.55,23.05
10,flat,w512,reprice_to_top,143.95,166.37
10,flat,w512,roll,81.05,97.18
10,flat,w512,aggressive_in_out,73.67,75.62
10,vecdeque,w4,get,16.27,21.05
10,vecdeque,w4,best,1.89,2.64
10,vecdeque,w4,range8,9.41,13.06
10,vecdeque,w4,set_working,14.81,16.91
10,vecdeque,w4,reprice_to_top,48.11,55.32
10,vecdeque,w4,roll,39.14,48.92
10,vecdeque,w4,aggressive_in_out,40.83,52.56
10,vecdeque,w16,get,14.83,16.19
10,vecdeque,w16,best,1.93,2.43
10,vecdeque,w16,range8,11.86,16.36
10,vecdeque,w16,set_working,13.43,14.70
10,vecdeque,w16,reprice_to_top,68.84,78.26
10,vecdeque,w16,roll,48.04,49.20
10,vecdeque,w16,aggressive_in_out,53.71,61.12
10,vecdeque,w32,get,15.30,15.78
10,vecdeque,w32,best,2.29,2.99
10,vecdeque,w32,range8,15.54,16.43
10,vecdeque,w32,set_working,15.91,16.30
10,vecdeque,w32,reprice_to_top,82.84,90.53
10,vecdeque,w32,roll,60.82,62.48
10,vecdeque,w32,aggressive_in_out,65.44,70.36
10,vecdeque,w128,get,18.10,18.59
10,vecdeque,w128,best,2.42,3.05
10,vecdeque,w128,range8,15.35,16.41
10,vecdeque,w128,set_working,20.01,20.45
10,vecdeque,w128,reprice_to_top,105.93,200.59
10,vecdeque,w128,roll,71.26,72.48
10,vecdeque,w128,aggressive_in_out,73.93,75.16
10,vecdeque,w512,get,21.95,22.57
10,vecdeque,w512,best,2.41,3.04
10,vecdeque,w512,range8,15.57,16.56
10,vecdeque,w512,set_working,24.59,25.03
10,vecdeque,w512,reprice_to_top,155.03,173.89
10,vecdeque,w512,roll,89.11,95.04
10,vecdeque,w512,aggressive_in_out,88.76,94.57
10,pages,w4,get,13.17,14.67
10,pages,w4,best,7.57,10.13
10,pages,w4,range8,27.17,31.36
10,pages,w4,set_working,15.15,17.43
10,pages,w4,reprice_to_top,32.87,36.91
10,pages,w4,roll,26.83,33.07
10,pages,w4,aggressive_in_out,150.72,172.81
10,pages,w16,get,10.09,11.83
10,pages,w16,best,7.91,10.40
10,pages,w16,range8,28.35,33.75
10,pages,w16,set_working,10.41,12.55
10,pages,w16,reprice_to_top,36.45,41.02
10,pages,w16,roll,25.94,32.50
10,pages,w16,aggressive_in_out,133.00,178.69
10,pages,w32,get,8.73,9.21
10,pages,w32,best,6.74,6.93
10,pages,w32,range8,25.66,34.38
10,pages,w32,set_working,10.12,11.05
10,pages,w32,reprice_to_top,44.23,46.75
10,pages,w32,roll,30.64,32.87
10,pages,w32,aggressive_in_out,159.72,184.37
10,pages,w128,get,14.17,14.91
10,pages,w128,best,9.42,10.43
10,pages,w128,range8,33.40,34.46
10,pages,w128,set_working,14.79,16.93
10,pages,w128,reprice_to_top,63.84,72.54
10,pages,w128,roll,32.13,33.17
10,pages,w128,aggressive_in_out,158.75,176.87
10,pages,w512,get,19.38,20.16
10,pages,w512,best,13.00,13.99
10,pages,w512,range8,42.10,44.77
10,pages,w512,set_working,20.78,21.95
10,pages,w512,reprice_to_top,89.10,106.78
10,pages,w512,roll,39.55,41.49
10,pages,w512,aggressive_in_out,208.59,230.27
10,btree,w4,get,16.01,16.98
10,btree,w4,best,1.89,2.28
10,btree,w4,range8,28.68,29.58
10,btree,w4,set_working,20.22,21.64
10,btree,w4,reprice_to_top,80.11,82.62
10,btree,w4,roll,68.02,105.55
10,btree,w4,aggressive_in_out,83.59,88.73
10,btree,w16,get,23.79,24.98
10,btree,w16,best,3.18,4.13
10,btree,w16,range8,44.45,48.76
10,btree,w16,set_working,26.68,30.62
10,btree,w16,reprice_to_top,114.95,131.73
10,btree,w16,roll,106.86,113.57
10,btree,w16,aggressive_in_out,113.16,117.75
10,btree,w32,get,26.25,28.13
10,btree,w32,best,3.19,4.02
10,btree,w32,range8,43.76,45.29
10,btree,w32,set_working,38.15,49.33
10,btree,w32,reprice_to_top,163.21,182.75
10,btree,w32,roll,118.88,127.30
10,btree,w32,aggressive_in_out,59.40,100.58
10,btree,w128,get,31.21,41.58
10,btree,w128,best,2.43,4.50
10,btree,w128,range8,34.08,78.38
10,btree,w128,set_working,37.08,46.66
10,btree,w128,reprice_to_top,193.71,269.62
10,btree,w128,roll,88.55,122.08
10,btree,w128,aggressive_in_out,97.41,113.82
10,btree,w512,get,35.87,40.54
10,btree,w512,best,2.59,2.63
10,btree,w512,range8,36.29,63.71
10,btree,w512,set_working,48.35,51.97
10,btree,w512,reprice_to_top,238.05,345.63
10,btree,w512,roll,96.57,166.96
10,btree,w512,aggressive_in_out,181.32,248.62
10,window128,w4,get,7.37,10.51
10,window128,w4,best,2.58,4.48
10,window128,w4,range8,11.27,11.28
10,window128,w4,set_working,10.51,11.93
10,window128,w4,reprice_to_top,59.14,61.59
10,window128,w4,roll,56.60,60.83
10,window128,w4,aggressive_in_out,54.97,59.42
10,window128,w16,get,9.96,10.84
10,window128,w16,best,6.72,8.03
10,window128,w16,range8,51.36,54.66
10,window128,w16,set_working,7.28,7.61
10,window128,w16,reprice_to_top,20.19,21.20
10,window128,w16,roll,16.91,17.57
10,window128,w16,aggressive_in_out,53.66,56.79
10,window128,w32,get,8.78,9.36
10,window128,w32,best,7.07,8.07
10,window128,w32,range8,50.26,54.39
10,window128,w32,set_working,6.62,7.21
10,window128,w32,reprice_to_top,21.72,23.62
10,window128,w32,roll,15.33,17.55
10,window128,w32,aggressive_in_out,53.72,57.29
10,window128,w128,get,10.98,12.24
10,window128,w128,best,7.45,8.07
10,window128,w128,range8,66.47,69.29
10,window128,w128,set_working,7.63,8.13
10,window128,w128,reprice_to_top,61.40,64.98
10,window128,w128,roll,72.23,77.70
10,window128,w128,aggressive_in_out,65.15,68.90
10,window128,w512,get,23.73,24.55
10,window128,w512,best,7.80,8.09
10,window128,w512,range8,70.48,76.90
10,window128,w512,set_working,19.48,21.38
10,window128,w512,reprice_to_top,130.06,158.75
10,window128,w512,roll,104.59,109.72
10,window128,w512,aggressive_in_out,75.67,81.32
10,window64,w4,get,8.95,10.22
10,window64,w4,best,3.36,3.86
10,window64,w4,range8,23.33,26.33
10,window64,w4,set_working,10.43,12.29
10,window64,w4,reprice_to_top,54.16,66.79
10,window64,w4,roll,52.25,63.46
10,window64,w4,aggressive_in_out,48.99,99.26
10,window64,w16,get,8.76,9.61
10,window64,w16,best,4.99,6.25
10,window64,w16,range8,29.08,34.82
10,window64,w16,set_working,4.90,5.32
10,window64,w16,reprice_to_top,20.29,29.04
10,window64,w16,roll,14.35,19.42
10,window64,w16,aggressive_in_out,49.58,60.67
10,window64,w32,get,7.29,8.15
10,window64,w32,best,4.53,5.89
10,window64,w32,range8,26.58,31.32
10,window64,w32,set_working,4.11,4.71
10,window64,w32,reprice_to_top,29.19,31.44
10,window64,w32,roll,15.07,16.77
10,window64,w32,aggressive_in_out,48.75,57.58
10,window64,w128,get,19.78,20.67
10,window64,w128,best,5.25,6.25
10,window64,w128,range8,50.93,56.09
10,window64,w128,set_working,15.27,15.96
10,window64,w128,reprice_to_top,79.47,83.60
10,window64,w128,roll,81.57,93.05
10,window64,w128,aggressive_in_out,69.79,77.23
10,window64,w512,get,23.25,25.14
10,window64,w512,best,5.04,6.66
10,window64,w512,range8,57.91,64.22
10,window64,w512,set_working,20.71,21.65
10,window64,w512,reprice_to_top,146.23,160.85
10,window64,w512,roll,94.06,100.95
10,window64,w512,aggressive_in_out,75.18,80.49
11,window64,w4,get,10.91,11.37
11,window64,w4,best,3.89,4.53
11,window64,w4,range8,22.34,26.55
11,window64,w4,set_working,7.50,8.88
11,window64,w4,reprice_to_top,55.73,64.75
11,window64,w4,roll,59.62,61.30
11,window64,w4,aggressive_in_out,56.66,58.39
11,window64,w16,get,8.84,9.54
11,window64,w16,best,6.00,6.23
11,window64,w16,range8,33.34,34.20
11,window64,w16,set_working,4.45,5.24
11,window64,w16,reprice_to_top,19.28,20.37
11,window64,w16,roll,16.46,16.86
11,window64,w16,aggressive_in_out,55.34,56.64
11,window64,w32,get,7.52,8.19
11,window64,w32,best,6.06,6.25
11,window64,w32,range8,33.36,34.37
11,window64,w32,set_working,4.50,4.69
11,window64,w32,reprice_to_top,29.75,31.91
11,window64,w32,roll,16.33,16.71
11,window64,w32,aggressive_in_out,54.04,56.05
11,window64,w128,get,20.06,20.95
11,window64,w128,best,5.78,6.22
11,window64,w128,range8,53.65,54.48
11,window64,w128,set_working,15.02,16.55
11,window64,w128,reprice_to_top,78.35,83.60
11,window64,w128,roll,72.86,87.21
11,window64,w128,aggressive_in_out,64.01,70.25
11,window64,w512,get,23.20,24.33
11,window64,w512,best,3.74,4.61
11,window64,w512,range8,56.43,57.91
11,window64,w512,set_working,19.97,21.36
11,window64,w512,reprice_to_top,142.17,164.01
11,window64,w512,roll,88.07,97.47
11,window64,w512,aggressive_in_out,71.86,77.70
11,flat,w4,get,9.94,10.55
11,flat,w4,best,2.74,3.33
11,flat,w4,range8,9.07,10.59
11,flat,w4,set_working,7.76,10.01
11,flat,w4,reprice_to_top,50.85,55.52
11,flat,w4,roll,53.86,57.34
11,flat,w4,aggressive_in_out,43.68,54.65
11,flat,w16,get,14.79,15.61
11,flat,w16,best,2.46,3.30
11,flat,w16,range8,15.95,16.33
11,flat,w16,set_working,13.96,14.41
11,flat,w16,reprice_to_top,69.55,71.61
11,flat,w16,roll,50.47,60.25
11,flat,w16,aggressive_in_out,51.41,58.07
11,flat,w32,get,16.81,17.58
11,flat,w32,best,2.48,3.35
11,flat,w32,range8,17.56,18.17
11,flat,w32,set_working,14.04,16.04
11,flat,w32,reprice_to_top,76.69,82.36
11,flat,w32,roll,56.00,62.80
11,flat,w32,aggressive_in_out,54.20,61.68
11,flat,w128,get,19.76,21.20
11,flat,w128,best,2.52,3.26
11,flat,w128,range8,20.76,21.69
11,flat,w128,set_working,18.12,19.56
11,flat,w128,reprice_to_top,71.83,113.91
11,flat,w128,roll,47.82,121.58
11,flat,w128,aggressive_in_out,37.61,39.19
11,flat,w512,get,18.34,19.66
11,flat,w512,best,1.41,1.41
11,flat,w512,range8,17.97,18.04
11,flat,w512,set_working,13.48,21.01
11,flat,w512,reprice_to_top,95.63,147.41
11,flat,w512,roll,56.09,82.71
11,flat,w512,aggressive_in_out,43.54,66.14
11,vecdeque,w4,get,14.23,14.91
11,vecdeque,w4,best,1.41,1.41
11,vecdeque,w4,range8,6.27,6.28
11,vecdeque,w4,set_working,12.70,13.72
11,vecdeque,w4,reprice_to_top,38.12,91.28
11,vecdeque,w4,roll,43.67,55.38
11,vecdeque,w4,aggressive_in_out,25.87,26.29
11,vecdeque,w16,get,10.45,16.23
11,vecdeque,w16,best,1.27,1.27
11,vecdeque,w16,range8,8.28,18.74
11,vecdeque,w16,set_working,8.61,13.70
11,vecdeque,w16,reprice_to_top,54.14,74.84
11,vecdeque,w16,roll,31.73,52.52
11,vecdeque,w16,aggressive_in_out,35.63,39.45
11,vecdeque,w32,get,10.04,14.49
11,vecdeque,w32,best,1.27,1.27
11,vecdeque,w32,range8,8.19,8.25
11,vecdeque,w32,set_working,9.44,9.51
11,vecdeque,w32,reprice_to_top,60.45,61.68
11,vecdeque,w32,roll,33.97,34.23
11,vecdeque,w32,aggressive_in_out,38.97,39.22
11,vecdeque,w128,get,11.44,11.59
11,vecdeque,w128,best,1.27,1.27
11,vecdeque,w128,range8,8.19,8.23
11,vecdeque,w128,set_working,14.55,16.71
11,vecdeque,w128,reprice_to_top,78.35,180.99
11,vecdeque,w128,roll,47.80,74.89
11,vecdeque,w128,aggressive_in_out,66.98,75.89
11,vecdeque,w512,get,20.48,22.43
11,vecdeque,w512,best,1.92,2.35
11,vecdeque,w512,range8,13.29,15.58
11,vecdeque,w512,set_working,23.65,26.38
11,vecdeque,w512,reprice_to_top,105.87,159.98
11,vecdeque,w512,roll,56.48,79.79
11,vecdeque,w512,aggressive_in_out,52.07,52.40
11,pages,w4,get,11.09,13.86
11,pages,w4,best,4.65,4.67
11,pages,w4,range8,15.44,18.39
11,pages,w4,set_working,11.75,13.03
11,pages,w4,reprice_to_top,18.63,19.96
11,pages,w4,roll,15.61,15.82
11,pages,w4,aggressive_in_out,84.79,149.35
11,pages,w16,get,9.66,11.59
11,pages,w16,best,4.65,4.66
11,pages,w16,range8,16.08,16.54
11,pages,w16,set_working,7.12,8.30
11,pages,w16,reprice_to_top,23.19,31.41
11,pages,w16,roll,15.70,15.91
11,pages,w16,aggressive_in_out,86.02,88.08
11,pages,w32,get,7.93,8.44
11,pages,w32,best,4.69,4.71
11,pages,w32,range8,16.43,16.73
11,pages,w32,set_working,6.02,6.38
11,pages,w32,reprice_to_top,28.65,30.57
11,pages,w32,roll,16.25,25.90
11,pages,w32,aggressive_in_out,86.16,161.14
11,pages,w128,get,11.82,13.86
11,pages,w128,best,4.98,5.00
11,pages,w128,range8,18.81,29.82
11,pages,w128,set_working,10.37,10.87
11,pages,w128,reprice_to_top,45.93,68.48
11,pages,w128,roll,17.08,37.71
11,pages,w128,aggressive_in_out,127.09,196.32
11,pages,w512,get,17.64,21.48
11,pages,w512,best,7.18,11.93
11,pages,w512,range8,23.86,38.17
11,pages,w512,set_working,16.04,16.60
11,pages,w512,reprice_to_top,60.30,78.11
11,pages,w512,roll,20.76,21.23
11,pages,w512,aggressive_in_out,120.35,201.08
11,btree,w4,get,12.61,13.95
11,btree,w4,best,1.59,1.59
11,btree,w4,range8,16.29,17.07
11,btree,w4,set_working,16.73,17.90
11,btree,w4,reprice_to_top,54.11,69.11
11,btree,w4,roll,37.45,56.05
11,btree,w4,aggressive_in_out,48.98,51.37
11,btree,w16,get,20.54,23.49
11,btree,w16,best,1.88,1.91
11,btree,w16,range8,23.03,35.95
11,btree,w16,set_working,25.77,32.67
11,btree,w16,reprice_to_top,86.32,117.28
11,btree,w16,roll,63.43,91.42
11,btree,w16,aggressive_in_out,67.71,69.77
11,btree,w32,get,25.50,26.98
11,btree,w32,best,2.01,2.05
11,btree,w32,range8,21.57,22.06
11,btree,w32,set_working,35.84,39.88
11,btree,w32,reprice_to_top,115.47,161.92
11,btree,w32,roll,65.71,74.32
11,btree,w32,aggressive_in_out,61.50,75.53
11,btree,w128,get,28.11,31.30
11,btree,w128,best,2.58,2.61
11,btree,w128,range8,32.49,62.41
11,btree,w128,set_working,37.83,48.26
11,btree,w128,reprice_to_top,215.49,363.34
11,btree,w128,roll,88.19,147.32
11,btree,w128,aggressive_in_out,97.80,165.82
11,btree,w512,get,34.91,40.20
11,btree,w512,best,2.59,2.74
11,btree,w512,range8,36.77,78.46
11,btree,w512,set_working,52.88,62.48
11,btree,w512,reprice_to_top,313.32,422.55
11,btree,w512,roll,182.75,215.23
11,btree,w512,aggressive_in_out,198.90,221.07
11,window128,w4,get,9.66,10.09
11,window128,w4,best,4.14,4.29
11,window128,w4,range8,19.40,21.13
11,window128,w4,set_working,8.82,9.53
11,window128,w4,reprice_to_top,64.94,100.40
11,window128,w4,roll,56.11,58.05
11,window128,w4,aggressive_in_out,47.90,58.07
11,window128,w16,get,9.17,9.90
11,window128,w16,best,5.79,8.37
11,window128,w16,range8,41.20,56.93
11,window128,w16,set_working,5.63,6.73
11,window128,w16,reprice_to_top,21.58,21.93
11,window128,w16,roll,17.25,18.41
11,window128,w16,aggressive_in_out,52.64,55.47
11,window128,w32,get,8.71,9.45
11,window128,w32,best,7.02,8.27
11,window128,w32,range8,42.70,47.87
11,window128,w32,set_working,6.83,7.09
11,window128,w32,reprice_to_top,22.16,23.29
11,window128,w32,roll,16.86,17.02
11,window128,w32,aggressive_in_out,54.32,54.64
11,window128,w128,get,10.57,11.55
11,window128,w128,best,8.10,8.48
11,window128,w128,range8,68.10,70.11
11,window128,w128,set_working,8.08,8.48
11,window128,w128,reprice_to_top,55.61,63.05
11,window128,w128,roll,62.64,76.91
11,window128,w128,aggressive_in_out,58.84,60.57
11,window128,w512,get,23.85,25.14
11,window128,w512,best,5.53,5.82
11,window128,w512,range8,69.57,120.44
11,window128,w512,set_working,20.20,25.81
11,window128,w512,reprice_to_top,129.57,156.52
11,window128,w512,roll,96.64,98.36
11,window128,w512,aggressive_in_out,71.16,72.67
