pass,round,backend,scenario,metric,n,p50_ns,p99_ns,p999_ns,max_ns,allocations,frees
time,0,legacy,small,price_hit,20000,83,125,167,286333,0,0
time,0,legacy,small,price_miss,20000,83,125,167,500,0,0
time,0,legacy,small,best,20000,83,125,125,250,0,0
time,0,legacy,small,range_first8,20000,83,125,167,500,0,0
time,0,legacy,small,index_update,20000,250,334,459,256417,0,0
time,0,legacy,crowded,price_hit,20000,42,42,84,334,0,0
time,0,legacy,crowded,price_miss,20000,41,42,84,167,0,0
time,0,legacy,crowded,best,20000,41,42,83,167,0,0
time,0,legacy,crowded,range_first8,20000,41,42,83,167,0,0
time,0,legacy,crowded,index_update,20000,125,250,334,500,0,0
time,0,legacy,many_prices,price_hit,20000,83,125,167,250,0,0
time,0,legacy,many_prices,price_miss,20000,42,84,125,1375,0,0
time,0,legacy,many_prices,best,20000,42,83,125,208,0,0
time,0,legacy,many_prices,range_first8,20000,42,83,84,292,0,0
time,0,legacy,many_prices,index_update,20000,333,584,792,1500,0,0
time,0,legacy,many_books,price_hit,20000,42,84,166,209,0,0
time,0,legacy,many_books,price_miss,20000,42,84,84,167,0,0
time,0,legacy,many_books,best,20000,41,42,84,167,0,0
time,0,legacy,many_books,range_first8,20000,42,42,84,167,0,0
time,0,legacy,many_books,index_update,20000,125,167,250,333,0,0
time,0,legacy,churn,price_hit,20000,42,84,84,209,0,0
time,0,legacy,churn,price_miss,20000,42,84,84,209,0,0
time,0,legacy,churn,best,20000,42,42,84,167,0,0
time,0,legacy,churn,range_first8,20000,42,84,84,208,0,0
time,0,legacy,churn,index_update,20000,167,334,417,1542,0,0
time,0,legacy,growth,index_update,20000,125,958,1250,9625,0,0
time,0,standard,small,price_hit,20000,42,84,84,208,0,0
time,0,standard,small,price_miss,20000,42,84,84,167,0,0
time,0,standard,small,best,20000,42,42,84,167,0,0
time,0,standard,small,range_first8,20000,42,83,125,250,0,0
time,0,standard,small,handle_hit,20000,0,42,42,167,0,0
time,0,standard,small,index_update,20000,41,42,42,167,0,0
time,0,standard,crowded,price_hit,20000,42,84,125,209,0,0
time,0,standard,crowded,price_miss,20000,42,84,84,167,0,0
time,0,standard,crowded,best,20000,42,42,84,209,0,0
time,0,standard,crowded,range_first8,20000,42,83,84,167,0,0
time,0,standard,crowded,handle_hit,20000,0,42,42,125,0,0
time,0,standard,crowded,index_update,20000,41,42,83,167,0,0
time,0,standard,many_prices,price_hit,20000,83,125,167,209,0,0
time,0,standard,many_prices,price_miss,20000,42,84,125,167,0,0
time,0,standard,many_prices,best,20000,42,42,125,125,0,0
time,0,standard,many_prices,range_first8,20000,42,84,125,250,0,0
time,0,standard,many_prices,handle_hit,20000,42,83,125,167,0,0
time,0,standard,many_prices,index_update,20000,41,42,125,125,0,0
time,0,standard,many_books,price_hit,20000,83,125,125,208,0,0
time,0,standard,many_books,price_miss,20000,42,84,84,209,0,0
time,0,standard,many_books,best,20000,42,42,84,167,0,0
time,0,standard,many_books,range_first8,20000,42,84,125,209,0,0
time,0,standard,many_books,handle_hit,20000,0,42,83,1208,0,0
time,0,standard,many_books,index_update,20000,41,42,83,208,0,0
time,0,standard,churn,price_hit,20000,42,84,166,209,0,0
time,0,standard,churn,price_miss,20000,42,84,125,208,0,0
time,0,standard,churn,best,20000,42,83,84,167,0,0
time,0,standard,churn,range_first8,20000,83,84,125,1084,0,0
time,0,standard,churn,handle_hit,20000,41,42,83,208,0,0
time,0,standard,churn,index_update,20000,125,292,334,834,0,0
time,0,standard,growth,index_update,20000,166,1000,2125,10750,0,0
time,0,standard,growth,block_growth_subset,313,1000,2666,6500,10750,0,0
time,0,standard,engine,intent_immediate,20000,541,1083,1667,8917,0,0
time,0,standard,engine,intent_queued,20000,208,875,1375,15416,0,0
time,0,standard,engine,ready_to_command,20000,542,667,1625,2875,0,0
time,0,standard,engine,replace_report,20000,333,1375,2417,15000,0,0
time,0,standard,engine_growth,new_to_command,20000,542,2208,4084,515959,0,0
time,0,standard,burst64_period100000ns,fill_service,20000,250,1000,1750,10459,0,0
time,0,standard,burst64_period100000ns,scheduled_arrival_to_visible,20000,11333,29750,73875,97958,0,0
time,0,pooled,small,price_hit,20000,42,84,166,209,0,0
time,0,pooled,small,price_miss,20000,42,84,84,208,0,0
time,0,pooled,small,best,20000,41,42,84,209,0,0
time,0,pooled,small,range_first8,20000,42,84,166,416,0,0
time,0,pooled,small,handle_hit,20000,0,42,42,167,0,0
time,0,pooled,small,index_update,20000,41,42,42,208,0,0
time,0,pooled,crowded,price_hit,20000,42,84,125,1417,0,0
time,0,pooled,crowded,price_miss,20000,42,84,84,208,0,0
time,0,pooled,crowded,best,20000,42,42,84,167,0,0
time,0,pooled,crowded,range_first8,20000,42,84,125,209,0,0
time,0,pooled,crowded,handle_hit,20000,0,42,42,167,0,0
time,0,pooled,crowded,index_update,20000,41,42,125,209,0,0
time,0,pooled,many_prices,price_hit,20000,167,208,209,292,0,0
time,0,pooled,many_prices,price_miss,20000,125,167,167,250,0,0
time,0,pooled,many_prices,best,20000,41,42,84,167,0,0
time,0,pooled,many_prices,range_first8,20000,125,167,250,1625,0,0
time,0,pooled,many_prices,handle_hit,20000,83,84,125,208,0,0
time,0,pooled,many_prices,index_update,20000,41,42,84,167,0,0
time,0,pooled,many_books,price_hit,20000,83,125,167,1792,0,0
time,0,pooled,many_books,price_miss,20000,42,84,125,209,0,0
time,0,pooled,many_books,best,20000,41,42,84,208,0,0
time,0,pooled,many_books,range_first8,20000,125,167,209,250,0,0
time,0,pooled,many_books,handle_hit,20000,0,42,83,167,0,0
time,0,pooled,many_books,index_update,20000,41,42,83,167,0,0
time,0,pooled,churn,price_hit,20000,83,125,167,250,0,0
time,0,pooled,churn,price_miss,20000,83,125,167,250,0,0
time,0,pooled,churn,best,20000,41,83,84,167,0,0
time,0,pooled,churn,range_first8,20000,125,167,209,1334,0,0
time,0,pooled,churn,handle_hit,20000,42,84,125,208,0,0
time,0,pooled,churn,index_update,20000,458,542,625,1792,0,0
time,0,pooled,growth,index_update,20000,541,1000,2292,13250,0,0
time,0,pooled,growth,block_growth_subset,313,1250,2667,12625,13250,0,0
time,0,pooled,engine,intent_immediate,20000,542,625,1417,2334,0,0
time,0,pooled,engine,intent_queued,20000,208,292,1000,1417,0,0
time,0,pooled,engine,ready_to_command,20000,583,708,1417,1667,0,0
time,0,pooled,engine,replace_report,20000,333,500,1250,1958,0,0
time,0,pooled,engine_growth,new_to_command,20000,833,2584,4792,465250,0,0
time,0,pooled,burst64_period100000ns,fill_service,20000,250,416,500,3334,0,0
time,0,pooled,burst64_period100000ns,scheduled_arrival_to_visible,20000,11208,23542,28833,33042,0,0
time,1,pooled,small,price_hit,20000,42,84,167,209,0,0
time,1,pooled,small,price_miss,20000,42,84,125,209,0,0
time,1,pooled,small,best,20000,41,42,84,167,0,0
time,1,pooled,small,range_first8,20000,42,84,166,292,0,0
time,1,pooled,small,handle_hit,20000,0,42,42,167,0,0
time,1,pooled,small,index_update,20000,41,42,83,167,0,0
time,1,pooled,crowded,price_hit,20000,42,84,84,209,0,0
time,1,pooled,crowded,price_miss,20000,42,84,84,208,0,0
time,1,pooled,crowded,best,20000,41,42,84,167,0,0
time,1,pooled,crowded,range_first8,20000,42,84,84,167,0,0
time,1,pooled,crowded,handle_hit,20000,0,42,42,84,0,0
time,1,pooled,crowded,index_update,20000,41,42,84,167,0,0
time,1,pooled,many_prices,price_hit,20000,167,209,250,1292,0,0
time,1,pooled,many_prices,price_miss,20000,125,167,208,291,0,0
time,1,pooled,many_prices,best,20000,41,42,84,167,0,0
time,1,pooled,many_prices,range_first8,20000,125,167,250,250,0,0
time,1,pooled,many_prices,handle_hit,20000,83,125,125,1458,0,0
time,1,pooled,many_prices,index_update,20000,41,42,83,167,0,0
time,1,pooled,many_books,price_hit,20000,83,125,167,209,0,0
time,1,pooled,many_books,price_miss,20000,42,84,125,1333,0,0
time,1,pooled,many_books,best,20000,41,83,125,209,0,0
time,1,pooled,many_books,range_first8,20000,125,167,209,292,0,0
time,1,pooled,many_books,handle_hit,20000,0,42,84,167,0,0
time,1,pooled,many_books,index_update,20000,41,42,83,167,0,0
time,1,pooled,churn,price_hit,20000,83,125,166,250,0,0
time,1,pooled,churn,price_miss,20000,83,125,167,250,0,0
time,1,pooled,churn,best,20000,41,83,84,167,0,0
time,1,pooled,churn,range_first8,20000,125,167,208,291,0,0
time,1,pooled,churn,handle_hit,20000,42,84,84,208,0,0
time,1,pooled,churn,index_update,20000,458,542,584,1792,0,0
time,1,pooled,growth,index_update,20000,542,1042,2625,4208,0,0
time,1,pooled,growth,block_growth_subset,313,1250,3000,4125,4208,0,0
time,1,pooled,engine,intent_immediate,20000,542,625,709,2291,0,0
time,1,pooled,engine,intent_queued,20000,209,292,334,417,0,0
time,1,pooled,engine,ready_to_command,20000,583,708,750,1166,0,0
time,1,pooled,engine,replace_report,20000,333,458,542,792,0,0
time,1,pooled,engine_growth,new_to_command,20000,833,1917,3084,462500,0,0
time,1,pooled,burst64_period100000ns,fill_service,20000,250,416,459,667,0,0
time,1,pooled,burst64_period100000ns,scheduled_arrival_to_visible,20000,11166,23166,25541,29958,0,0
time,1,standard,small,price_hit,20000,42,84,125,209,0,0
time,1,standard,small,price_miss,20000,42,83,84,167,0,0
time,1,standard,small,best,20000,42,42,84,167,0,0
time,1,standard,small,range_first8,20000,42,84,84,458,0,0
time,1,standard,small,handle_hit,20000,0,42,42,1500,0,0
time,1,standard,small,index_update,20000,41,42,83,208,0,0
time,1,standard,crowded,price_hit,20000,42,84,125,209,0,0
time,1,standard,crowded,price_miss,20000,42,84,84,167,0,0
time,1,standard,crowded,best,20000,41,42,84,167,0,0
time,1,standard,crowded,range_first8,20000,42,84,84,167,0,0
time,1,standard,crowded,handle_hit,20000,0,42,42,167,0,0
time,1,standard,crowded,index_update,20000,41,42,83,208,0,0
time,1,standard,many_prices,price_hit,20000,83,125,208,1209,0,0
time,1,standard,many_prices,price_miss,20000,42,84,84,208,0,0
time,1,standard,many_prices,best,20000,42,42,84,208,0,0
time,1,standard,many_prices,range_first8,20000,83,84,167,250,0,0
time,1,standard,many_prices,handle_hit,20000,42,83,84,209,0,0
time,1,standard,many_prices,index_update,20000,41,42,84,167,0,0
time,1,standard,many_books,price_hit,20000,83,84,166,250,0,0
time,1,standard,many_books,price_miss,20000,42,84,125,209,0,0
time,1,standard,many_books,best,20000,42,42,84,209,0,0
time,1,standard,many_books,range_first8,20000,42,84,166,208,0,0
time,1,standard,many_books,handle_hit,20000,0,42,42,167,0,0
time,1,standard,many_books,index_update,20000,41,42,83,167,0,0
time,1,standard,churn,price_hit,20000,42,84,125,209,0,0
time,1,standard,churn,price_miss,20000,42,84,125,1792,0,0
time,1,standard,churn,best,20000,42,42,84,167,0,0
time,1,standard,churn,range_first8,20000,83,84,125,250,0,0
time,1,standard,churn,handle_hit,20000,41,42,83,167,0,0
time,1,standard,churn,index_update,20000,125,292,334,792,0,0
time,1,standard,growth,index_update,20000,167,375,625,3625,0,0
time,1,standard,growth,block_growth_subset,313,375,1000,2167,3625,0,0
time,1,standard,engine,intent_immediate,20000,542,625,750,11625,0,0
time,1,standard,engine,intent_queued,20000,208,292,334,625,0,0
time,1,standard,engine,ready_to_command,20000,583,667,750,2958,0,0
time,1,standard,engine,replace_report,20000,334,458,583,9708,0,0
time,1,standard,engine_growth,new_to_command,20000,542,1375,2167,461708,0,0
time,1,standard,burst64_period100000ns,fill_service,20000,250,416,459,875,0,0
time,1,standard,burst64_period100000ns,scheduled_arrival_to_visible,20000,11250,23166,25625,29000,0,0
time,1,legacy,small,price_hit,20000,42,84,166,209,0,0
time,1,legacy,small,price_miss,20000,42,42,84,208,0,0
time,1,legacy,small,best,20000,41,42,84,208,0,0
time,1,legacy,small,range_first8,20000,41,42,84,500,0,0
time,1,legacy,small,index_update,20000,84,125,208,1083,0,0
time,1,legacy,crowded,price_hit,20000,42,42,84,208,0,0
time,1,legacy,crowded,price_miss,20000,0,42,83,167,0,0
time,1,legacy,crowded,best,20000,41,42,83,167,0,0
time,1,legacy,crowded,range_first8,20000,41,42,42,209,0,0
time,1,legacy,crowded,index_update,20000,125,250,333,1542,0,0
time,1,legacy,many_prices,price_hit,20000,83,125,167,250,0,0
time,1,legacy,many_prices,price_miss,20000,42,84,84,167,0,0
time,1,legacy,many_prices,best,20000,42,42,84,209,0,0
time,1,legacy,many_prices,range_first8,20000,42,83,84,333,0,0
time,1,legacy,many_prices,index_update,20000,333,584,834,1917,0,0
time,1,legacy,many_books,price_hit,20000,42,84,125,208,0,0
time,1,legacy,many_books,price_miss,20000,42,42,84,167,0,0
time,1,legacy,many_books,best,20000,41,42,84,1458,0,0
time,1,legacy,many_books,range_first8,20000,42,42,84,209,0,0
time,1,legacy,many_books,index_update,20000,125,167,250,459,0,0
time,1,legacy,churn,price_hit,20000,42,84,167,209,0,0
time,1,legacy,churn,price_miss,20000,42,84,166,209,0,0
time,1,legacy,churn,best,20000,42,42,84,208,0,0
time,1,legacy,churn,range_first8,20000,42,84,166,209,0,0
time,1,legacy,churn,index_update,20000,167,334,417,1583,0,0
time,1,legacy,growth,index_update,20000,125,250,334,500,0,0
time,2,legacy,small,price_hit,20000,42,84,125,209,0,0
time,2,legacy,small,price_miss,20000,41,42,84,208,0,0
time,2,legacy,small,best,20000,41,42,84,167,0,0
time,2,legacy,small,range_first8,20000,41,42,84,167,0,0
time,2,legacy,small,index_update,20000,84,125,208,375,0,0
time,2,legacy,crowded,price_hit,20000,42,42,84,208,0,0
time,2,legacy,crowded,price_miss,20000,0,42,42,167,0,0
time,2,legacy,crowded,best,20000,41,42,42,167,0,0
time,2,legacy,crowded,range_first8,20000,41,42,83,167,0,0
time,2,legacy,crowded,index_update,20000,125,209,292,458,0,0
time,2,legacy,many_prices,price_hit,20000,83,125,208,291,0,0
time,2,legacy,many_prices,price_miss,20000,42,84,125,209,0,0
time,2,legacy,many_prices,best,20000,42,42,84,167,0,0
time,2,legacy,many_prices,range_first8,20000,42,84,125,208,0,0
time,2,legacy,many_prices,index_update,20000,333,584,833,1125,0,0
time,2,legacy,many_books,price_hit,20000,42,84,166,209,0,0
time,2,legacy,many_books,price_miss,20000,42,83,84,167,0,0
time,2,legacy,many_books,best,20000,41,42,84,208,0,0
time,2,legacy,many_books,range_first8,20000,42,42,84,209,0,0
time,2,legacy,many_books,index_update,20000,125,167,250,292,0,0
time,2,legacy,churn,price_hit,20000,42,84,125,1333,0,0
time,2,legacy,churn,price_miss,20000,42,84,125,167,0,0
time,2,legacy,churn,best,20000,42,42,84,167,0,0
time,2,legacy,churn,range_first8,20000,42,84,84,167,0,0
time,2,legacy,churn,index_update,20000,167,334,417,542,0,0
time,2,legacy,growth,index_update,20000,125,209,292,1375,0,0
time,2,standard,small,price_hit,20000,42,84,125,209,0,0
time,2,standard,small,price_miss,20000,42,84,84,209,0,0
time,2,standard,small,best,20000,41,42,84,167,0,0
time,2,standard,small,range_first8,20000,42,42,125,333,0,0
time,2,standard,small,handle_hit,20000,0,42,83,167,0,0
time,2,standard,small,index_update,20000,41,42,83,167,0,0
time,2,standard,crowded,price_hit,20000,42,84,125,167,0,0
time,2,standard,crowded,price_miss,20000,42,83,84,167,0,0
time,2,standard,crowded,best,20000,42,42,84,167,0,0
time,2,standard,crowded,range_first8,20000,42,83,125,208,0,0
time,2,standard,crowded,handle_hit,20000,0,42,42,167,0,0
time,2,standard,crowded,index_update,20000,41,42,83,1250,0,0
time,2,standard,many_prices,price_hit,20000,83,125,208,250,0,0
time,2,standard,many_prices,price_miss,20000,42,84,166,1584,0,0
time,2,standard,many_prices,best,20000,42,42,125,209,0,0
time,2,standard,many_prices,range_first8,20000,42,84,167,250,0,0
time,2,standard,many_prices,handle_hit,20000,42,83,84,208,0,0
time,2,standard,many_prices,index_update,20000,41,42,83,167,0,0
time,2,standard,many_books,price_hit,20000,83,125,125,250,0,0
time,2,standard,many_books,price_miss,20000,42,84,84,167,0,0
time,2,standard,many_books,best,20000,42,42,84,209,0,0
time,2,standard,many_books,range_first8,20000,42,84,84,208,0,0
time,2,standard,many_books,handle_hit,20000,0,42,42,167,0,0
time,2,standard,many_books,index_update,20000,41,42,42,208,0,0
time,2,standard,churn,price_hit,20000,83,84,166,209,0,0
time,2,standard,churn,price_miss,20000,42,84,125,250,0,0
time,2,standard,churn,best,20000,42,83,84,208,0,0
time,2,standard,churn,range_first8,20000,42,84,125,209,0,0
time,2,standard,churn,handle_hit,20000,41,42,83,208,0,0
time,2,standard,churn,index_update,20000,125,292,375,708,0,0
time,2,standard,growth,index_update,20000,166,375,708,1250,0,0
time,2,standard,growth,block_growth_subset,313,375,958,1166,1250,0,0
time,2,standard,engine,intent_immediate,20000,583,667,791,2084,0,0
time,2,standard,engine,intent_queued,20000,209,292,375,1750,0,0
time,2,standard,engine,ready_to_command,20000,584,708,792,2292,0,0
time,2,standard,engine,replace_report,20000,334,458,542,1042,0,0
time,2,standard,engine_growth,new_to_command,20000,542,1292,2292,472583,0,0
time,2,standard,burst64_period100000ns,fill_service,20000,250,416,500,2000,0,0
time,2,standard,burst64_period100000ns,scheduled_arrival_to_visible,20000,11125,23084,25917,30667,0,0
time,2,pooled,small,price_hit,20000,42,84,125,209,0,0
time,2,pooled,small,price_miss,20000,42,84,84,167,0,0
time,2,pooled,small,best,20000,41,42,84,208,0,0
time,2,pooled,small,range_first8,20000,42,84,166,416,0,0
time,2,pooled,small,handle_hit,20000,0,42,42,208,0,0
time,2,pooled,small,index_update,20000,41,42,42,167,0,0
time,2,pooled,crowded,price_hit,20000,42,84,84,1625,0,0
time,2,pooled,crowded,price_miss,20000,42,84,84,167,0,0
time,2,pooled,crowded,best,20000,41,42,84,167,0,0
time,2,pooled,crowded,range_first8,20000,42,83,84,167,0,0
time,2,pooled,crowded,handle_hit,20000,0,42,42,167,0,0
time,2,pooled,crowded,index_update,20000,41,42,42,166,0,0
time,2,pooled,many_prices,price_hit,20000,167,209,291,375,0,0
time,2,pooled,many_prices,price_miss,20000,125,167,208,291,0,0
time,2,pooled,many_prices,best,20000,41,42,84,209,0,0
time,2,pooled,many_prices,range_first8,20000,125,167,250,1291,0,0
time,2,pooled,many_prices,handle_hit,20000,83,125,167,209,0,0
time,2,pooled,many_prices,index_update,20000,41,42,125,208,0,0
time,2,pooled,many_books,price_hit,20000,83,125,167,250,0,0
time,2,pooled,many_books,price_miss,20000,42,84,125,209,0,0
time,2,pooled,many_books,best,20000,41,83,84,167,0,0
time,2,pooled,many_books,range_first8,20000,125,167,209,292,0,0
time,2,pooled,many_books,handle_hit,20000,0,42,83,125,0,0
time,2,pooled,many_books,index_update,20000,41,42,84,167,0,0
time,2,pooled,churn,price_hit,20000,83,125,167,250,0,0
time,2,pooled,churn,price_miss,20000,83,125,208,250,0,0
time,2,pooled,churn,best,20000,41,83,84,167,0,0
time,2,pooled,churn,range_first8,20000,125,167,208,1542,0,0
time,2,pooled,churn,handle_hit,20000,42,84,84,209,0,0
time,2,pooled,churn,index_update,20000,458,542,584,1875,0,0
time,2,pooled,growth,index_update,20000,542,959,1833,3167,0,0
time,2,pooled,growth,block_growth_subset,313,1083,3041,3084,3167,0,0
time,2,pooled,engine,intent_immediate,20000,583,708,792,3083,0,0
time,2,pooled,engine,intent_queued,20000,208,292,375,500,0,0
time,2,pooled,engine,ready_to_command,20000,584,709,834,10541,0,0
time,2,pooled,engine,replace_report,20000,333,458,583,5292,0,0
time,2,pooled,engine_growth,new_to_command,20000,833,1916,2834,448375,0,0
time,2,pooled,burst64_period100000ns,fill_service,20000,250,416,500,2042,0,0
time,2,pooled,burst64_period100000ns,scheduled_arrival_to_visible,20000,11167,23083,25500,30125,0,0
alloc,0,legacy,small,price_hit,20000,0,0,0,0,0,0
alloc,0,legacy,small,price_miss,20000,0,0,0,0,0,0
alloc,0,legacy,small,best,20000,0,0,0,0,0,0
alloc,0,legacy,small,range_first8,20000,0,0,0,0,0,0
alloc,0,legacy,small,index_update,20000,0,0,0,0,20000,20000
alloc,0,legacy,crowded,price_hit,20000,0,0,0,0,0,0
alloc,0,legacy,crowded,price_miss,20000,0,0,0,0,0,0
alloc,0,legacy,crowded,best,20000,0,0,0,0,0,0
alloc,0,legacy,crowded,range_first8,20000,0,0,0,0,0,0
alloc,0,legacy,crowded,index_update,20000,0,0,0,0,1140,1276
alloc,0,legacy,many_prices,price_hit,20000,0,0,0,0,0,0
alloc,0,legacy,many_prices,price_miss,20000,0,0,0,0,0,0
alloc,0,legacy,many_prices,best,20000,0,0,0,0,0,0
alloc,0,legacy,many_prices,range_first8,20000,0,0,0,0,0,0
alloc,0,legacy,many_prices,index_update,20000,0,0,0,0,22280,22552
alloc,0,legacy,many_books,price_hit,20000,0,0,0,0,0,0
alloc,0,legacy,many_books,price_miss,20000,0,0,0,0,0,0
alloc,0,legacy,many_books,best,20000,0,0,0,0,0,0
alloc,0,legacy,many_books,range_first8,20000,0,0,0,0,0,0
alloc,0,legacy,many_books,index_update,20000,0,0,0,0,20000,20000
alloc,0,legacy,churn,price_hit,20000,0,0,0,0,0,0
alloc,0,legacy,churn,price_miss,20000,0,0,0,0,0,0
alloc,0,legacy,churn,best,20000,0,0,0,0,0,0
alloc,0,legacy,churn,range_first8,20000,0,0,0,0,0,0
alloc,0,legacy,churn,index_update,20000,0,0,0,0,25696,25702
alloc,0,legacy,growth,index_update,20000,0,0,0,0,26665,0
alloc,0,standard,small,price_hit,20000,0,0,0,0,0,0
alloc,0,standard,small,price_miss,20000,0,0,0,0,0,0
alloc,0,standard,small,best,20000,0,0,0,0,0,0
alloc,0,standard,small,range_first8,20000,0,0,0,0,0,0
alloc,0,standard,small,handle_hit,20000,0,0,0,0,0,0
alloc,0,standard,small,index_update,20000,0,0,0,0,0,0
alloc,0,standard,crowded,price_hit,20000,0,0,0,0,0,0
alloc,0,standard,crowded,price_miss,20000,0,0,0,0,0,0
alloc,0,standard,crowded,best,20000,0,0,0,0,0,0
alloc,0,standard,crowded,range_first8,20000,0,0,0,0,0,0
alloc,0,standard,crowded,handle_hit,20000,0,0,0,0,0,0
alloc,0,standard,crowded,index_update,20000,0,0,0,0,0,0
alloc,0,standard,many_prices,price_hit,20000,0,0,0,0,0,0
alloc,0,standard,many_prices,price_miss,20000,0,0,0,0,0,0
alloc,0,standard,many_prices,best,20000,0,0,0,0,0,0
alloc,0,standard,many_prices,range_first8,20000,0,0,0,0,0,0
alloc,0,standard,many_prices,handle_hit,20000,0,0,0,0,0,0
alloc,0,standard,many_prices,index_update,20000,0,0,0,0,0,0
alloc,0,standard,many_books,price_hit,20000,0,0,0,0,0,0
alloc,0,standard,many_books,price_miss,20000,0,0,0,0,0,0
alloc,0,standard,many_books,best,20000,0,0,0,0,0,0
alloc,0,standard,many_books,range_first8,20000,0,0,0,0,0,0
alloc,0,standard,many_books,handle_hit,20000,0,0,0,0,0,0
alloc,0,standard,many_books,index_update,20000,0,0,0,0,0,0
alloc,0,standard,churn,price_hit,20000,0,0,0,0,0,0
alloc,0,standard,churn,price_miss,20000,0,0,0,0,0,0
alloc,0,standard,churn,best,20000,0,0,0,0,0,0
alloc,0,standard,churn,range_first8,20000,0,0,0,0,0,0
alloc,0,standard,churn,handle_hit,20000,0,0,0,0,0,0
alloc,0,standard,churn,index_update,20000,0,0,0,0,5696,5702
alloc,0,standard,growth,index_update,20000,0,0,0,0,7309,14
alloc,0,standard,growth,block_growth_subset,313,0,0,0,0,749,14
alloc,0,standard,engine,intent_immediate,20000,0,0,0,0,0,0
alloc,0,standard,engine,intent_queued,20000,0,0,0,0,1,0
alloc,0,standard,engine,ready_to_command,20000,0,0,0,0,0,0
alloc,0,standard,engine,replace_report,20000,0,0,0,0,0,0
alloc,0,standard,engine_growth,new_to_command,20000,0,0,0,0,4326,47
alloc,0,pooled,small,price_hit,20000,0,0,0,0,0,0
alloc,0,pooled,small,price_miss,20000,0,0,0,0,0,0
alloc,0,pooled,small,best,20000,0,0,0,0,0,0
alloc,0,pooled,small,range_first8,20000,0,0,0,0,0,0
alloc,0,pooled,small,handle_hit,20000,0,0,0,0,0,0
alloc,0,pooled,small,index_update,20000,0,0,0,0,0,0
alloc,0,pooled,crowded,price_hit,20000,0,0,0,0,0,0
alloc,0,pooled,crowded,price_miss,20000,0,0,0,0,0,0
alloc,0,pooled,crowded,best,20000,0,0,0,0,0,0
alloc,0,pooled,crowded,range_first8,20000,0,0,0,0,0,0
alloc,0,pooled,crowded,handle_hit,20000,0,0,0,0,0,0
alloc,0,pooled,crowded,index_update,20000,0,0,0,0,0,0
alloc,0,pooled,many_prices,price_hit,20000,0,0,0,0,0,0
alloc,0,pooled,many_prices,price_miss,20000,0,0,0,0,0,0
alloc,0,pooled,many_prices,best,20000,0,0,0,0,0,0
alloc,0,pooled,many_prices,range_first8,20000,0,0,0,0,0,0
alloc,0,pooled,many_prices,handle_hit,20000,0,0,0,0,0,0
alloc,0,pooled,many_prices,index_update,20000,0,0,0,0,0,0
alloc,0,pooled,many_books,price_hit,20000,0,0,0,0,0,0
alloc,0,pooled,many_books,price_miss,20000,0,0,0,0,0,0
alloc,0,pooled,many_books,best,20000,0,0,0,0,0,0
alloc,0,pooled,many_books,range_first8,20000,0,0,0,0,0,0
alloc,0,pooled,many_books,handle_hit,20000,0,0,0,0,0,0
alloc,0,pooled,many_books,index_update,20000,0,0,0,0,0,0
alloc,0,pooled,churn,price_hit,20000,0,0,0,0,0,0
alloc,0,pooled,churn,price_miss,20000,0,0,0,0,0,0
alloc,0,pooled,churn,best,20000,0,0,0,0,0,0
alloc,0,pooled,churn,range_first8,20000,0,0,0,0,0,0
alloc,0,pooled,churn,handle_hit,20000,0,0,0,0,0,0
alloc,0,pooled,churn,index_update,20000,0,0,0,0,0,0
alloc,0,pooled,growth,index_update,20000,0,0,0,0,966,21
alloc,0,pooled,growth,block_growth_subset,313,0,0,0,0,966,21
alloc,0,pooled,engine,intent_immediate,20000,0,0,0,0,0,0
alloc,0,pooled,engine,intent_queued,20000,0,0,0,0,1,0
alloc,0,pooled,engine,ready_to_command,20000,0,0,0,0,0,0
alloc,0,pooled,engine,replace_report,20000,0,0,0,0,0,0
alloc,0,pooled,engine_growth,new_to_command,20000,0,0,0,0,1315,54
time,0,timer,baseline,timer,20000,0,42,42,166,0,0
