pass,round,backend,scenario,metric,n,p50_ns,p99_ns,p999_ns,max_ns,allocations,allocated_bytes
time,0,standard,rolling_4,price_query,20000,0,42,42,292,0,0
time,0,standard,rolling_4,near_range8,20000,41,42,42,334,0,0
time,0,standard,rolling_4,index_submit,20000,42,84,84,209,0,0
time,0,standard,rolling_4,index_ack,20000,42,84,84,917,0,0
time,0,standard,rolling_4,cross_page_submit_subset,314,42,84,84,84,0,0
time,0,standard,outliers_4,price_query,20000,0,42,42,333,0,0
time,0,standard,outliers_4,near_range8,20000,0,42,42,167,0,0
time,0,standard,outliers_4,index_submit,20000,42,84,84,167,0,0
time,0,standard,outliers_4,index_ack,20000,42,84,84,167,0,0
time,0,standard,outliers_4,cross_page_submit_subset,314,42,84,84,84,0,0
time,0,standard,outliers_4,far_query,20000,0,42,42,250,0,0
time,0,standard,boundary_4,price_query,20000,0,42,42,84,0,0
time,0,standard,boundary_4,near_range8,20000,41,42,42,6458,0,0
time,0,standard,boundary_4,index_submit,20000,42,84,84,208,0,0
time,0,standard,boundary_4,index_ack,20000,42,84,84,4167,0,0
time,0,standard,boundary_4,cross_page_submit_subset,5000,42,84,84,166,0,0
time,0,standard,jump_4,price_query,20000,0,42,42,2708,0,0
time,0,standard,jump_4,near_range8,20000,41,42,83,167,0,0
time,0,standard,jump_4,index_submit,20000,42,84,125,3125,0,0
time,0,standard,jump_4,index_ack,20000,42,84,125,2750,0,0
time,0,standard,jump_4,cross_page_submit_subset,3746,42,84,125,167,0,0
time,0,standard,jump_4,jump_submit_subset,2496,42,84,125,167,0,0
time,0,standard,rolling_32,price_query,20000,0,42,42,166,0,0
time,0,standard,rolling_32,near_range8,20000,41,42,42,208,0,0
time,0,standard,rolling_32,index_submit,20000,42,84,125,5500,0,0
time,0,standard,rolling_32,index_ack,20000,42,84,167,1167,0,0
time,0,standard,rolling_32,cross_page_submit_subset,305,42,84,84,209,0,0
time,0,standard,outliers_32,price_query,20000,0,42,42,84,0,0
time,0,standard,outliers_32,near_range8,20000,41,42,42,167,0,0
time,0,standard,outliers_32,index_submit,20000,42,84,125,291,0,0
time,0,standard,outliers_32,index_ack,20000,42,84,125,208,0,0
time,0,standard,outliers_32,cross_page_submit_subset,305,42,84,84,125,0,0
time,0,standard,outliers_32,far_query,20000,0,42,42,83,0,0
time,0,standard,boundary_32,price_query,20000,0,42,42,84,0,0
time,0,standard,boundary_32,near_range8,20000,41,42,42,208,0,0
time,0,standard,boundary_32,index_submit,20000,42,84,125,209,0,0
time,0,standard,boundary_32,index_ack,20000,42,125,125,334,0,0
time,0,standard,boundary_32,cross_page_submit_subset,625,42,84,125,125,0,0
time,0,standard,jump_32,price_query,20000,0,42,42,208,0,0
time,0,standard,jump_32,near_range8,20000,41,42,42,125,0,0
time,0,standard,jump_32,index_submit,20000,42,84,125,250,0,0
time,0,standard,jump_32,index_ack,20000,42,125,167,708,0,0
time,0,standard,jump_32,cross_page_submit_subset,2652,83,125,125,250,0,0
time,0,standard,jump_32,jump_submit_subset,2496,83,125,125,250,0,0
time,0,standard,rolling_128,price_query,20000,0,42,42,125,0,0
time,0,standard,rolling_128,near_range8,20000,41,42,42,167,0,0
time,0,standard,rolling_128,index_submit,20000,42,84,125,1084,0,0
time,0,standard,rolling_128,index_ack,20000,42,83,208,4917,0,0
time,0,standard,rolling_128,cross_page_submit_subset,312,42,84,167,167,0,0
time,0,standard,outliers_128,price_query,20000,0,42,42,208,0,0
time,0,standard,outliers_128,near_range8,20000,41,42,83,209,0,0
time,0,standard,outliers_128,index_submit,20000,42,84,125,291,0,0
time,0,standard,outliers_128,index_ack,20000,42,83,167,458,0,0
time,0,standard,outliers_128,cross_page_submit_subset,312,42,84,84,84,0,0
time,0,standard,outliers_128,far_query,20000,41,42,42,166,0,0
time,0,standard,boundary_128,price_query,20000,0,42,42,167,0,0
time,0,standard,boundary_128,near_range8,20000,42,42,83,209,0,0
time,0,standard,boundary_128,index_submit,20000,42,84,125,250,0,0
time,0,standard,boundary_128,index_ack,20000,42,166,209,1083,0,0
time,0,standard,boundary_128,cross_page_submit_subset,313,83,84,84,84,0,0
time,0,standard,jump_128,price_query,20000,0,42,42,125,0,0
time,0,standard,jump_128,near_range8,20000,42,42,84,2833,0,0
time,0,standard,jump_128,index_submit,20000,42,125,167,6458,0,0
time,0,standard,jump_128,index_ack,20000,42,167,209,417,0,0
time,0,standard,jump_128,cross_page_submit_subset,2704,83,166,250,1125,0,0
time,0,standard,jump_128,jump_submit_subset,2432,83,166,208,1125,0,0
time,0,standard,4096books_4near_2far,price_query,20000,41,209,333,834,0,0
time,0,standard,new_book_growth,index_insert,20000,84,1000,2584,384250,0,0
time,0,standard,engine_cancel_rehang_4near,cancel_to_command,20000,500,1291,2083,314833,0,0
time,0,standard,engine_cancel_rehang_4near,new_to_command,20000,458,1625,2583,173666,0,0
time,0,standard,engine_cancel_rehang_4near,accepted_report,20000,292,1208,2167,15083,0,0
time,0,standard,engine_cancel_rehang_4near,canceled_report,20000,333,1208,2125,8750,0,0
time,0,standard,engine_rolling_4_2far,price_query,20000,41,42,42,167,0,0
time,0,standard,engine_rolling_4_2far,intent_to_command,20000,541,667,1625,14250,0,0
time,0,standard,engine_rolling_4_2far,intent_queued,20000,209,333,1167,26625,0,0
time,0,standard,engine_rolling_4_2far,replace_report,20000,292,500,1333,4292,0,0
time,0,standard,engine_rolling_4_2far,ready_to_command,20000,583,708,1625,13667,0,0
time,0,standard,engine_jump_4_2far,price_query,20000,41,42,42,166,0,0
time,0,standard,engine_jump_4_2far,intent_to_command,20000,542,625,834,23417,0,0
time,0,standard,engine_jump_4_2far,intent_queued,20000,209,292,625,16750,0,0
time,0,standard,engine_jump_4_2far,replace_report,20000,291,416,750,11583,0,0
time,0,standard,engine_jump_4_2far,ready_to_command,20000,583,667,875,15500,0,0
time,0,standard,engine_jump_4_2far,jump_intent_subset,2496,542,625,750,834,0,0
time,0,standard,engine_rolling_32_2far,price_query,20000,41,42,84,208,0,0
time,0,standard,engine_rolling_32_2far,intent_to_command,20000,542,625,833,6250,0,0
time,0,standard,engine_rolling_32_2far,intent_queued,20000,209,292,375,2250,0,0
time,0,standard,engine_rolling_32_2far,replace_report,20000,250,417,542,4041,0,0
time,0,standard,engine_rolling_32_2far,ready_to_command,20000,583,708,875,7250,0,0
time,0,standard,engine_jump_32_2far,price_query,20000,41,42,84,167,0,0
time,0,standard,engine_jump_32_2far,intent_to_command,20000,542,625,791,7167,0,0
time,0,standard,engine_jump_32_2far,intent_queued,20000,209,292,417,7167,0,0
time,0,standard,engine_jump_32_2far,replace_report,20000,250,417,541,6709,0,0
time,0,standard,engine_jump_32_2far,ready_to_command,20000,583,708,833,7208,0,0
time,0,standard,engine_jump_32_2far,jump_intent_subset,2496,542,625,709,834,0,0
time,0,pages,rolling_4,price_query,20000,0,42,42,292,0,0
time,0,pages,rolling_4,near_range8,20000,41,42,42,625,0,0
time,0,pages,rolling_4,index_submit,20000,42,84,84,167,0,0
time,0,pages,rolling_4,index_ack,20000,42,83,84,375,0,0
time,0,pages,rolling_4,cross_page_submit_subset,314,42,84,84,167,0,0
time,0,pages,rolling_4,page_creation_subset,78,42,84,84,167,0,0
time,0,pages,outliers_4,price_query,20000,0,42,42,125,0,0
time,0,pages,outliers_4,near_range8,20000,41,42,42,167,0,0
time,0,pages,outliers_4,index_submit,20000,42,84,84,209,0,0
time,0,pages,outliers_4,index_ack,20000,42,83,84,166,0,0
time,0,pages,outliers_4,cross_page_submit_subset,314,42,84,125,125,0,0
time,0,pages,outliers_4,page_creation_subset,78,83,125,125,125,0,0
time,0,pages,outliers_4,far_query,20000,0,42,42,167,0,0
time,0,pages,boundary_4,price_query,20000,0,42,42,83,0,0
time,0,pages,boundary_4,near_range8,20000,41,42,42,84,0,0
time,0,pages,boundary_4,index_submit,20000,42,84,84,125,0,0
time,0,pages,boundary_4,index_ack,20000,42,84,84,125,0,0
time,0,pages,boundary_4,cross_page_submit_subset,5000,42,84,84,125,0,0
time,0,pages,jump_4,price_query,20000,0,42,42,6708,0,0
time,0,pages,jump_4,near_range8,20000,41,42,83,167,0,0
time,0,pages,jump_4,index_submit,20000,42,84,84,3791,0,0
time,0,pages,jump_4,index_ack,20000,42,84,84,2833,0,0
time,0,pages,jump_4,cross_page_submit_subset,3746,42,84,84,125,0,0
time,0,pages,jump_4,page_creation_subset,1248,83,84,125,125,0,0
time,0,pages,jump_4,jump_submit_subset,2496,42,84,84,125,0,0
time,0,pages,rolling_32,price_query,20000,0,42,42,84,0,0
time,0,pages,rolling_32,near_range8,20000,41,42,42,125,0,0
time,0,pages,rolling_32,index_submit,20000,42,84,84,208,0,0
time,0,pages,rolling_32,index_ack,20000,42,42,84,208,0,0
time,0,pages,rolling_32,cross_page_submit_subset,305,42,84,125,125,0,0
time,0,pages,rolling_32,page_creation_subset,10,84,125,125,125,0,0
time,0,pages,outliers_32,price_query,20000,0,42,42,84,0,0
time,0,pages,outliers_32,near_range8,20000,41,42,42,1750,0,0
time,0,pages,outliers_32,index_submit,20000,42,84,84,125,0,0
time,0,pages,outliers_32,index_ack,20000,42,42,84,291,0,0
time,0,pages,outliers_32,cross_page_submit_subset,305,42,84,84,125,0,0
time,0,pages,outliers_32,page_creation_subset,10,83,84,84,125,0,0
time,0,pages,outliers_32,far_query,20000,0,42,42,167,0,0
time,0,pages,boundary_32,price_query,20000,0,42,42,84,0,0
time,0,pages,boundary_32,near_range8,20000,41,42,42,167,0,0
time,0,pages,boundary_32,index_submit,20000,42,84,84,209,0,0
time,0,pages,boundary_32,index_ack,20000,42,42,84,208,0,0
time,0,pages,boundary_32,cross_page_submit_subset,625,42,84,84,84,0,0
time,0,pages,jump_32,price_query,20000,0,42,42,125,0,0
time,0,pages,jump_32,near_range8,20000,41,42,42,250,0,0
time,0,pages,jump_32,index_submit,20000,42,84,84,208,0,0
time,0,pages,jump_32,index_ack,20000,42,42,84,208,0,0
time,0,pages,jump_32,cross_page_submit_subset,2652,42,84,84,125,0,0
time,0,pages,jump_32,page_creation_subset,156,83,84,84,125,0,0
time,0,pages,jump_32,jump_submit_subset,2496,42,84,84,125,0,0
time,0,pages,rolling_128,price_query,20000,0,42,42,125,0,0
time,0,pages,rolling_128,near_range8,20000,41,42,42,250,0,0
time,0,pages,rolling_128,index_submit,20000,42,84,84,6125,0,0
time,0,pages,rolling_128,index_ack,20000,42,42,84,208,0,0
time,0,pages,rolling_128,cross_page_submit_subset,312,42,84,84,84,0,0
time,0,pages,rolling_128,page_creation_subset,3,83,83,83,83,0,0
time,0,pages,outliers_128,price_query,20000,0,42,42,42,0,0
time,0,pages,outliers_128,near_range8,20000,41,42,42,166,0,0
time,0,pages,outliers_128,index_submit,20000,42,84,84,208,0,0
time,0,pages,outliers_128,index_ack,20000,42,42,83,125,0,0
time,0,pages,outliers_128,cross_page_submit_subset,312,42,84,125,125,0,0
time,0,pages,outliers_128,page_creation_subset,3,125,125,125,125,0,0
time,0,pages,outliers_128,far_query,20000,0,42,42,5000,0,0
time,0,pages,boundary_128,price_query,20000,0,42,42,42,0,0
time,0,pages,boundary_128,near_range8,20000,41,42,42,166,0,0
time,0,pages,boundary_128,index_submit,20000,42,84,84,250,0,0
time,0,pages,boundary_128,index_ack,20000,42,42,84,6167,0,0
time,0,pages,boundary_128,cross_page_submit_subset,313,42,84,84,84,0,0
time,0,pages,jump_128,price_query,20000,0,42,42,166,0,0
time,0,pages,jump_128,near_range8,20000,41,42,42,5667,0,0
time,0,pages,jump_128,index_submit,20000,42,84,125,250,0,0
time,0,pages,jump_128,index_ack,20000,42,83,125,208,0,0
time,0,pages,jump_128,cross_page_submit_subset,2704,42,84,125,250,0,0
time,0,pages,jump_128,page_creation_subset,77,83,125,125,125,0,0
time,0,pages,jump_128,jump_submit_subset,2432,42,84,125,250,0,0
time,0,pages,4096books_4near_2far,price_query,20000,42,333,875,4334,0,0
time,0,pages,new_book_growth,index_insert,20000,125,1333,5375,276250,0,0
time,0,pages,new_book_growth,page_block_growth_subset,313,1500,32791,141083,276250,0,0
time,0,pages,engine_cancel_rehang_4near,cancel_to_command,20000,500,833,1334,225292,0,0
time,0,pages,engine_cancel_rehang_4near,new_to_command,20000,459,917,1833,208166,0,0
time,0,pages,engine_cancel_rehang_4near,accepted_report,20000,292,417,1041,5292,0,0
time,0,pages,engine_cancel_rehang_4near,canceled_report,20000,292,417,959,6958,0,0
time,0,pages,engine_rolling_4_2far,price_query,20000,41,42,42,125,0,0
time,0,pages,engine_rolling_4_2far,intent_to_command,20000,542,625,1250,1458,0,0
time,0,pages,engine_rolling_4_2far,intent_queued,20000,209,292,875,4250,0,0
time,0,pages,engine_rolling_4_2far,replace_report,20000,250,375,959,4208,0,0
time,0,pages,engine_rolling_4_2far,ready_to_command,20000,583,667,1292,7834,0,0
time,0,pages,engine_jump_4_2far,price_query,20000,41,42,42,125,0,0
time,0,pages,engine_jump_4_2far,intent_to_command,20000,542,625,708,792,0,0
time,0,pages,engine_jump_4_2far,intent_queued,20000,209,292,333,5291,0,0
time,0,pages,engine_jump_4_2far,replace_report,20000,250,375,458,1917,0,0
time,0,pages,engine_jump_4_2far,ready_to_command,20000,583,667,750,5708,0,0
time,0,pages,engine_jump_4_2far,jump_intent_subset,2496,542,625,708,792,0,0
time,0,pages,engine_rolling_32_2far,price_query,20000,41,42,42,83,0,0
time,0,pages,engine_rolling_32_2far,intent_to_command,20000,542,625,708,5791,0,0
time,0,pages,engine_rolling_32_2far,intent_queued,20000,209,292,333,417,0,0
time,0,pages,engine_rolling_32_2far,replace_report,20000,250,375,417,5250,0,0
time,0,pages,engine_rolling_32_2far,ready_to_command,20000,583,667,750,5583,0,0
time,0,pages,engine_jump_32_2far,price_query,20000,41,42,42,125,0,0
time,0,pages,engine_jump_32_2far,intent_to_command,20000,542,625,750,5708,0,0
time,0,pages,engine_jump_32_2far,intent_queued,20000,209,292,375,3833,0,0
time,0,pages,engine_jump_32_2far,replace_report,20000,250,375,417,3291,0,0
time,0,pages,engine_jump_32_2far,ready_to_command,20000,583,667,792,3375,0,0
time,0,pages,engine_jump_32_2far,jump_intent_subset,2496,542,625,750,792,0,0
time,1,pages,rolling_4,price_query,20000,0,42,42,209,0,0
time,1,pages,rolling_4,near_range8,20000,41,42,83,375,0,0
time,1,pages,rolling_4,index_submit,20000,42,84,125,167,0,0
time,1,pages,rolling_4,index_ack,20000,42,83,84,375,0,0
time,1,pages,rolling_4,cross_page_submit_subset,314,42,84,84,125,0,0
time,1,pages,rolling_4,page_creation_subset,78,83,84,84,84,0,0
time,1,pages,outliers_4,price_query,20000,0,42,42,125,0,0
time,1,pages,outliers_4,near_range8,20000,41,42,83,125,0,0
time,1,pages,outliers_4,index_submit,20000,42,84,125,1416,0,0
time,1,pages,outliers_4,index_ack,20000,42,83,84,125,0,0
time,1,pages,outliers_4,cross_page_submit_subset,314,42,84,125,167,0,0
time,1,pages,outliers_4,page_creation_subset,78,83,125,125,167,0,0
time,1,pages,outliers_4,far_query,20000,0,42,42,125,0,0
time,1,pages,boundary_4,price_query,20000,0,42,42,84,0,0
time,1,pages,boundary_4,near_range8,20000,41,42,42,84,0,0
time,1,pages,boundary_4,index_submit,20000,42,84,84,208,0,0
time,1,pages,boundary_4,index_ack,20000,42,84,84,125,0,0
time,1,pages,boundary_4,cross_page_submit_subset,5000,42,84,84,125,0,0
time,1,pages,jump_4,price_query,20000,0,42,42,209,0,0
time,1,pages,jump_4,near_range8,20000,41,42,42,167,0,0
time,1,pages,jump_4,index_submit,20000,42,84,84,208,0,0
time,1,pages,jump_4,index_ack,20000,42,84,84,250,0,0
time,1,pages,jump_4,cross_page_submit_subset,3746,42,84,84,208,0,0
time,1,pages,jump_4,page_creation_subset,1248,83,84,125,167,0,0
time,1,pages,jump_4,jump_submit_subset,2496,42,84,125,208,0,0
time,1,pages,rolling_32,price_query,20000,0,42,42,84,0,0
time,1,pages,rolling_32,near_range8,20000,41,42,42,84,0,0
time,1,pages,rolling_32,index_submit,20000,42,84,84,167,0,0
time,1,pages,rolling_32,index_ack,20000,42,42,83,208,0,0
time,1,pages,rolling_32,cross_page_submit_subset,305,42,84,125,125,0,0
time,1,pages,rolling_32,page_creation_subset,10,84,125,125,125,0,0
time,1,pages,outliers_32,price_query,20000,0,42,42,13042,0,0
time,1,pages,outliers_32,near_range8,20000,41,42,42,83,0,0
time,1,pages,outliers_32,index_submit,20000,42,84,84,333,0,0
time,1,pages,outliers_32,index_ack,20000,42,42,84,209,0,0
time,1,pages,outliers_32,cross_page_submit_subset,305,42,84,84,125,0,0
time,1,pages,outliers_32,page_creation_subset,10,83,84,84,125,0,0
time,1,pages,outliers_32,far_query,20000,0,42,42,84,0,0
time,1,pages,boundary_32,price_query,20000,0,42,42,42,0,0
time,1,pages,boundary_32,near_range8,20000,41,42,42,166,0,0
time,1,pages,boundary_32,index_submit,20000,42,84,84,5208,0,0
time,1,pages,boundary_32,index_ack,20000,42,42,84,209,0,0
time,1,pages,boundary_32,cross_page_submit_subset,625,42,84,84,208,0,0
time,1,pages,jump_32,price_query,20000,0,42,42,83,0,0
time,1,pages,jump_32,near_range8,20000,41,42,42,167,0,0
time,1,pages,jump_32,index_submit,20000,42,84,84,166,0,0
time,1,pages,jump_32,index_ack,20000,42,42,84,167,0,0
time,1,pages,jump_32,cross_page_submit_subset,2652,42,84,84,84,0,0
time,1,pages,jump_32,page_creation_subset,156,83,84,84,84,0,0
time,1,pages,jump_32,jump_submit_subset,2496,42,84,84,84,0,0
time,1,pages,rolling_128,price_query,20000,0,42,42,83,0,0
time,1,pages,rolling_128,near_range8,20000,41,42,42,5291,0,0
time,1,pages,rolling_128,index_submit,20000,42,84,84,167,0,0
time,1,pages,rolling_128,index_ack,20000,42,42,83,84,0,0
time,1,pages,rolling_128,cross_page_submit_subset,312,42,84,84,84,0,0
time,1,pages,rolling_128,page_creation_subset,3,84,84,84,84,0,0
time,1,pages,outliers_128,price_query,20000,0,42,42,83,0,0
time,1,pages,outliers_128,near_range8,20000,41,42,42,125,0,0
time,1,pages,outliers_128,index_submit,20000,42,84,84,1875,0,0
time,1,pages,outliers_128,index_ack,20000,42,42,83,250,0,0
time,1,pages,outliers_128,cross_page_submit_subset,312,42,84,84,84,0,0
time,1,pages,outliers_128,page_creation_subset,3,83,83,83,83,0,0
time,1,pages,outliers_128,far_query,20000,0,42,42,209,0,0
time,1,pages,boundary_128,price_query,20000,0,42,42,84,0,0
time,1,pages,boundary_128,near_range8,20000,41,42,42,167,0,0
time,1,pages,boundary_128,index_submit,20000,42,84,84,209,0,0
time,1,pages,boundary_128,index_ack,20000,42,42,84,209,0,0
time,1,pages,boundary_128,cross_page_submit_subset,313,42,84,84,84,0,0
time,1,pages,jump_128,price_query,20000,0,42,42,84,0,0
time,1,pages,jump_128,near_range8,20000,41,42,42,84,0,0
time,1,pages,jump_128,index_submit,20000,42,84,84,1042,0,0
time,1,pages,jump_128,index_ack,20000,42,42,84,167,0,0
time,1,pages,jump_128,cross_page_submit_subset,2704,42,84,125,1042,0,0
time,1,pages,jump_128,page_creation_subset,77,83,125,125,125,0,0
time,1,pages,jump_128,jump_submit_subset,2432,42,84,84,1042,0,0
time,1,pages,4096books_4near_2far,price_query,20000,42,250,417,2916,0,0
time,1,pages,new_book_growth,index_insert,20000,125,1291,4125,274792,0,0
time,1,pages,new_book_growth,page_block_growth_subset,313,1375,19125,137000,274792,0,0
time,1,pages,engine_cancel_rehang_4near,cancel_to_command,20000,500,792,959,225667,0,0
time,1,pages,engine_cancel_rehang_4near,new_to_command,20000,459,875,1375,220875,0,0
time,1,pages,engine_cancel_rehang_4near,accepted_report,20000,292,417,459,666,0,0
time,1,pages,engine_cancel_rehang_4near,canceled_report,20000,292,417,500,1083,0,0
time,1,pages,engine_rolling_4_2far,price_query,20000,41,42,42,84,0,0
time,1,pages,engine_rolling_4_2far,intent_to_command,20000,542,625,708,2458,0,0
time,1,pages,engine_rolling_4_2far,intent_queued,20000,209,292,333,2500,0,0
time,1,pages,engine_rolling_4_2far,replace_report,20000,250,375,458,5167,0,0
time,1,pages,engine_rolling_4_2far,ready_to_command,20000,583,667,750,8416,0,0
time,1,pages,engine_jump_4_2far,price_query,20000,41,42,42,84,0,0
time,1,pages,engine_jump_4_2far,intent_to_command,20000,542,625,708,2333,0,0
time,1,pages,engine_jump_4_2far,intent_queued,20000,209,292,333,458,0,0
time,1,pages,engine_jump_4_2far,replace_report,20000,250,375,458,1542,0,0
time,1,pages,engine_jump_4_2far,ready_to_command,20000,583,667,750,1417,0,0
time,1,pages,engine_jump_4_2far,jump_intent_subset,2496,542,625,708,1917,0,0
time,1,pages,engine_rolling_32_2far,price_query,20000,41,42,42,83,0,0
time,1,pages,engine_rolling_32_2far,intent_to_command,20000,542,625,708,5625,0,0
time,1,pages,engine_rolling_32_2far,intent_queued,20000,209,291,333,375,0,0
time,1,pages,engine_rolling_32_2far,replace_report,20000,250,375,417,1083,0,0
time,1,pages,engine_rolling_32_2far,ready_to_command,20000,583,667,709,2542,0,0
time,1,pages,engine_jump_32_2far,price_query,20000,0,42,42,84,0,0
time,1,pages,engine_jump_32_2far,intent_to_command,20000,542,625,708,8000,0,0
time,1,pages,engine_jump_32_2far,intent_queued,20000,209,292,333,417,0,0
time,1,pages,engine_jump_32_2far,replace_report,20000,250,375,417,6625,0,0
time,1,pages,engine_jump_32_2far,ready_to_command,20000,583,667,750,5208,0,0
time,1,pages,engine_jump_32_2far,jump_intent_subset,2496,542,625,667,709,0,0
time,1,standard,rolling_4,price_query,20000,0,42,42,292,0,0
time,1,standard,rolling_4,near_range8,20000,41,42,42,167,0,0
time,1,standard,rolling_4,index_submit,20000,42,84,84,1500,0,0
time,1,standard,rolling_4,index_ack,20000,42,84,84,542,0,0
time,1,standard,rolling_4,cross_page_submit_subset,314,42,84,84,166,0,0
time,1,standard,outliers_4,price_query,20000,0,42,42,42,0,0
time,1,standard,outliers_4,near_range8,20000,0,42,42,125,0,0
time,1,standard,outliers_4,index_submit,20000,42,84,84,167,0,0
time,1,standard,outliers_4,index_ack,20000,42,84,84,167,0,0
time,1,standard,outliers_4,cross_page_submit_subset,314,42,84,84,84,0,0
time,1,standard,outliers_4,far_query,20000,0,42,42,167,0,0
time,1,standard,boundary_4,price_query,20000,0,42,42,167,0,0
time,1,standard,boundary_4,near_range8,20000,41,42,42,125,0,0
time,1,standard,boundary_4,index_submit,20000,42,84,84,208,0,0
time,1,standard,boundary_4,index_ack,20000,42,84,84,5208,0,0
time,1,standard,boundary_4,cross_page_submit_subset,5000,42,84,84,84,0,0
time,1,standard,jump_4,price_query,20000,0,42,42,125,0,0
time,1,standard,jump_4,near_range8,20000,41,42,42,167,0,0
time,1,standard,jump_4,index_submit,20000,42,84,84,208,0,0
time,1,standard,jump_4,index_ack,20000,42,84,84,209,0,0
time,1,standard,jump_4,cross_page_submit_subset,3746,42,84,84,166,0,0
time,1,standard,jump_4,jump_submit_subset,2496,42,84,84,166,0,0
time,1,standard,rolling_32,price_query,20000,0,42,42,125,0,0
time,1,standard,rolling_32,near_range8,20000,41,42,42,250,0,0
time,1,standard,rolling_32,index_submit,20000,42,84,125,333,0,0
time,1,standard,rolling_32,index_ack,20000,42,84,167,792,0,0
time,1,standard,rolling_32,cross_page_submit_subset,305,42,84,84,125,0,0
time,1,standard,outliers_32,price_query,20000,0,42,42,83,0,0
time,1,standard,outliers_32,near_range8,20000,41,42,42,166,0,0
time,1,standard,outliers_32,index_submit,20000,42,84,125,209,0,0
time,1,standard,outliers_32,index_ack,20000,42,84,167,250,0,0
time,1,standard,outliers_32,cross_page_submit_subset,305,42,84,125,125,0,0
time,1,standard,outliers_32,far_query,20000,0,42,42,84,0,0
time,1,standard,boundary_32,price_query,20000,0,42,42,84,0,0
time,1,standard,boundary_32,near_range8,20000,41,42,42,208,0,0
time,1,standard,boundary_32,index_submit,20000,42,84,125,167,0,0
time,1,standard,boundary_32,index_ack,20000,42,125,166,333,0,0
time,1,standard,boundary_32,cross_page_submit_subset,625,42,84,84,84,0,0
time,1,standard,jump_32,price_query,20000,0,42,42,5041,0,0
time,1,standard,jump_32,near_range8,20000,41,42,42,167,0,0
time,1,standard,jump_32,index_submit,20000,42,84,125,209,0,0
time,1,standard,jump_32,index_ack,20000,42,125,167,542,0,0
time,1,standard,jump_32,cross_page_submit_subset,2652,83,125,166,209,0,0
time,1,standard,jump_32,jump_submit_subset,2496,83,125,166,209,0,0
time,1,standard,rolling_128,price_query,20000,0,42,42,167,0,0
time,1,standard,rolling_128,near_range8,20000,41,42,42,167,0,0
time,1,standard,rolling_128,index_submit,20000,42,84,125,500,0,0
time,1,standard,rolling_128,index_ack,20000,42,83,209,583,0,0
time,1,standard,rolling_128,cross_page_submit_subset,312,42,84,125,167,0,0
time,1,standard,outliers_128,price_query,20000,0,42,42,1834,0,0
time,1,standard,outliers_128,near_range8,20000,41,42,83,125,0,0
time,1,standard,outliers_128,index_submit,20000,42,84,125,583,0,0
time,1,standard,outliers_128,index_ack,20000,42,83,208,500,0,0
time,1,standard,outliers_128,cross_page_submit_subset,312,42,84,125,125,0,0
time,1,standard,outliers_128,far_query,20000,0,42,42,84,0,0
time,1,standard,boundary_128,price_query,20000,0,42,42,167,0,0
time,1,standard,boundary_128,near_range8,20000,42,42,83,125,0,0
time,1,standard,boundary_128,index_submit,20000,42,84,125,292,0,0
time,1,standard,boundary_128,index_ack,20000,42,167,209,375,0,0
time,1,standard,boundary_128,cross_page_submit_subset,313,83,84,84,84,0,0
time,1,standard,jump_128,price_query,20000,0,42,42,84,0,0
time,1,standard,jump_128,near_range8,20000,42,42,84,208,0,0
time,1,standard,jump_128,index_submit,20000,42,125,167,250,0,0
time,1,standard,jump_128,index_ack,20000,42,167,209,375,0,0
time,1,standard,jump_128,cross_page_submit_subset,2704,83,166,208,250,0,0
time,1,standard,jump_128,jump_submit_subset,2432,83,166,208,250,0,0
time,1,standard,4096books_4near_2far,price_query,20000,41,167,250,8375,0,0
time,1,standard,new_book_growth,index_insert,20000,84,417,917,284541,0,0
time,1,standard,engine_cancel_rehang_4near,cancel_to_command,20000,500,792,959,219625,0,0
time,1,standard,engine_cancel_rehang_4near,new_to_command,20000,459,875,1250,190125,0,0
time,1,standard,engine_cancel_rehang_4near,accepted_report,20000,292,417,500,5291,0,0
time,1,standard,engine_cancel_rehang_4near,canceled_report,20000,333,417,500,9166,0,0
time,1,standard,engine_rolling_4_2far,price_query,20000,41,42,42,84,0,0
time,1,standard,engine_rolling_4_2far,intent_to_command,20000,542,625,709,3541,0,0
time,1,standard,engine_rolling_4_2far,intent_queued,20000,209,292,334,459,0,0
time,1,standard,engine_rolling_4_2far,replace_report,20000,291,375,458,3917,0,0
time,1,standard,engine_rolling_4_2far,ready_to_command,20000,583,667,750,4750,0,0
time,1,standard,engine_jump_4_2far,price_query,20000,41,42,42,167,0,0
time,1,standard,engine_jump_4_2far,intent_to_command,20000,542,625,709,3542,0,0
time,1,standard,engine_jump_4_2far,intent_queued,20000,209,292,334,1208,0,0
time,1,standard,engine_jump_4_2far,replace_report,20000,291,375,458,3084,0,0
time,1,standard,engine_jump_4_2far,ready_to_command,20000,583,667,750,3792,0,0
time,1,standard,engine_jump_4_2far,jump_intent_subset,2496,542,666,750,792,0,0
time,1,standard,engine_rolling_32_2far,price_query,20000,41,42,84,167,0,0
time,1,standard,engine_rolling_32_2far,intent_to_command,20000,542,625,750,2417,0,0
time,1,standard,engine_rolling_32_2far,intent_queued,20000,209,291,333,458,0,0
time,1,standard,engine_rolling_32_2far,replace_report,20000,250,417,500,916,0,0
time,1,standard,engine_rolling_32_2far,ready_to_command,20000,583,708,792,1417,0,0
time,1,standard,engine_jump_32_2far,price_query,20000,41,42,84,167,0,0
time,1,standard,engine_jump_32_2far,intent_to_command,20000,542,625,708,834,0,0
time,1,standard,engine_jump_32_2far,intent_queued,20000,208,291,333,5500,0,0
time,1,standard,engine_jump_32_2far,replace_report,20000,250,417,500,5375,0,0
time,1,standard,engine_jump_32_2far,ready_to_command,20000,583,667,791,1459,0,0
time,1,standard,engine_jump_32_2far,jump_intent_subset,2496,542,666,708,750,0,0
time,2,standard,rolling_4,price_query,20000,0,42,42,167,0,0
time,2,standard,rolling_4,near_range8,20000,41,42,42,292,0,0
time,2,standard,rolling_4,index_submit,20000,42,84,84,167,0,0
time,2,standard,rolling_4,index_ack,20000,42,84,84,542,0,0
time,2,standard,rolling_4,cross_page_submit_subset,314,42,84,84,84,0,0
time,2,standard,outliers_4,price_query,20000,0,42,42,5500,0,0
time,2,standard,outliers_4,near_range8,20000,0,42,42,167,0,0
time,2,standard,outliers_4,index_submit,20000,42,84,84,209,0,0
time,2,standard,outliers_4,index_ack,20000,42,84,84,5083,0,0
time,2,standard,outliers_4,cross_page_submit_subset,314,42,84,84,84,0,0
time,2,standard,outliers_4,far_query,20000,0,42,42,125,0,0
time,2,standard,boundary_4,price_query,20000,0,42,42,83,0,0
time,2,standard,boundary_4,near_range8,20000,41,42,42,167,0,0
time,2,standard,boundary_4,index_submit,20000,42,84,84,167,0,0
time,2,standard,boundary_4,index_ack,20000,42,84,84,167,0,0
time,2,standard,boundary_4,cross_page_submit_subset,5000,42,84,84,166,0,0
time,2,standard,jump_4,price_query,20000,0,42,42,84,0,0
time,2,standard,jump_4,near_range8,20000,41,42,42,5042,0,0
time,2,standard,jump_4,index_submit,20000,42,84,84,166,0,0
time,2,standard,jump_4,index_ack,20000,42,84,84,125,0,0
time,2,standard,jump_4,cross_page_submit_subset,3746,42,84,84,166,0,0
time,2,standard,jump_4,jump_submit_subset,2496,42,84,84,125,0,0
time,2,standard,rolling_32,price_query,20000,0,42,42,166,0,0
time,2,standard,rolling_32,near_range8,20000,41,42,83,250,0,0
time,2,standard,rolling_32,index_submit,20000,42,84,125,209,0,0
time,2,standard,rolling_32,index_ack,20000,42,84,167,459,0,0
time,2,standard,rolling_32,cross_page_submit_subset,305,42,84,84,84,0,0
time,2,standard,outliers_32,price_query,20000,0,42,42,84,0,0
time,2,standard,outliers_32,near_range8,20000,41,42,42,4792,0,0
time,2,standard,outliers_32,index_submit,20000,42,84,125,10416,0,0
time,2,standard,outliers_32,index_ack,20000,42,84,167,250,0,0
time,2,standard,outliers_32,cross_page_submit_subset,305,42,84,125,166,0,0
time,2,standard,outliers_32,far_query,20000,0,42,42,84,0,0
time,2,standard,boundary_32,price_query,20000,0,42,42,84,0,0
time,2,standard,boundary_32,near_range8,20000,41,42,42,209,0,0
time,2,standard,boundary_32,index_submit,20000,42,84,125,625,0,0
time,2,standard,boundary_32,index_ack,20000,42,125,166,458,0,0
time,2,standard,boundary_32,cross_page_submit_subset,625,42,84,125,125,0,0
time,2,standard,jump_32,price_query,20000,0,42,42,84,0,0
time,2,standard,jump_32,near_range8,20000,41,42,42,167,0,0
time,2,standard,jump_32,index_submit,20000,42,84,125,209,0,0
time,2,standard,jump_32,index_ack,20000,42,125,167,250,0,0
time,2,standard,jump_32,cross_page_submit_subset,2652,83,125,166,209,0,0
time,2,standard,jump_32,jump_submit_subset,2496,83,125,166,209,0,0
time,2,standard,rolling_128,price_query,20000,0,42,84,167,0,0
time,2,standard,rolling_128,near_range8,20000,42,84,125,10041,0,0
time,2,standard,rolling_128,index_submit,20000,42,125,208,1250,0,0
time,2,standard,rolling_128,index_ack,20000,42,84,250,1625,0,0
time,2,standard,rolling_128,cross_page_submit_subset,312,83,125,125,167,0,0
time,2,standard,outliers_128,price_query,20000,0,42,42,166,0,0
time,2,standard,outliers_128,near_range8,20000,42,42,83,167,0,0
time,2,standard,outliers_128,index_submit,20000,42,84,167,6875,0,0
time,2,standard,outliers_128,index_ack,20000,42,83,208,541,0,0
time,2,standard,outliers_128,cross_page_submit_subset,312,42,84,125,125,0,0
time,2,standard,outliers_128,far_query,20000,41,42,42,167,0,0
time,2,standard,boundary_128,price_query,20000,0,42,42,333,0,0
time,2,standard,boundary_128,near_range8,20000,42,42,42,208,0,0
time,2,standard,boundary_128,index_submit,20000,42,84,125,5125,0,0
time,2,standard,boundary_128,index_ack,20000,42,167,209,625,0,0
time,2,standard,boundary_128,cross_page_submit_subset,313,83,84,84,84,0,0
time,2,standard,jump_128,price_query,20000,0,42,42,84,0,0
time,2,standard,jump_128,near_range8,20000,42,42,84,6667,0,0
time,2,standard,jump_128,index_submit,20000,42,125,167,250,0,0
time,2,standard,jump_128,index_ack,20000,42,167,209,6125,0,0
time,2,standard,jump_128,cross_page_submit_subset,2704,83,166,208,250,0,0
time,2,standard,jump_128,jump_submit_subset,2432,83,166,208,250,0,0
time,2,standard,4096books_4near_2far,price_query,20000,41,167,250,1208,0,0
time,2,standard,new_book_growth,index_insert,20000,84,375,916,274958,0,0
time,2,standard,engine_cancel_rehang_4near,cancel_to_command,20000,500,833,1000,168667,0,0
time,2,standard,engine_cancel_rehang_4near,new_to_command,20000,459,875,1583,213708,0,0
time,2,standard,engine_cancel_rehang_4near,accepted_report,20000,292,417,500,5416,0,0
time,2,standard,engine_cancel_rehang_4near,canceled_report,20000,333,417,500,4250,0,0
time,2,standard,engine_rolling_4_2far,price_query,20000,41,42,42,167,0,0
time,2,standard,engine_rolling_4_2far,intent_to_command,20000,542,625,750,7625,0,0
time,2,standard,engine_rolling_4_2far,intent_queued,20000,209,292,375,5000,0,0
time,2,standard,engine_rolling_4_2far,replace_report,20000,292,417,541,21083,0,0
time,2,standard,engine_rolling_4_2far,ready_to_command,20000,583,667,833,15584,0,0
time,2,standard,engine_jump_4_2far,price_query,20000,41,42,42,1834,0,0
time,2,standard,engine_jump_4_2far,intent_to_command,20000,542,625,667,4083,0,0
time,2,standard,engine_jump_4_2far,intent_queued,20000,209,291,333,4041,0,0
time,2,standard,engine_jump_4_2far,replace_report,20000,291,375,458,5292,0,0
time,2,standard,engine_jump_4_2far,ready_to_command,20000,583,667,750,4584,0,0
time,2,standard,engine_jump_4_2far,jump_intent_subset,2496,542,625,709,875,0,0
time,2,standard,engine_rolling_32_2far,price_query,20000,41,42,84,500,0,0
time,2,standard,engine_rolling_32_2far,intent_to_command,20000,542,625,709,3542,0,0
time,2,standard,engine_rolling_32_2far,intent_queued,20000,209,291,333,1917,0,0
time,2,standard,engine_rolling_32_2far,replace_report,20000,250,417,459,917,0,0
time,2,standard,engine_rolling_32_2far,ready_to_command,20000,583,667,792,7500,0,0
time,2,standard,engine_jump_32_2far,price_query,20000,41,42,84,167,0,0
time,2,standard,engine_jump_32_2far,intent_to_command,20000,542,666,750,7667,0,0
time,2,standard,engine_jump_32_2far,intent_queued,20000,209,292,334,1709,0,0
time,2,standard,engine_jump_32_2far,replace_report,20000,250,417,500,5417,0,0
time,2,standard,engine_jump_32_2far,ready_to_command,20000,583,708,792,7750,0,0
time,2,standard,engine_jump_32_2far,jump_intent_subset,2496,542,667,750,2833,0,0
time,2,pages,rolling_4,price_query,20000,0,42,42,291,0,0
time,2,pages,rolling_4,near_range8,20000,41,42,42,292,0,0
time,2,pages,rolling_4,index_submit,20000,42,84,84,125,0,0
time,2,pages,rolling_4,index_ack,20000,42,83,84,334,0,0
time,2,pages,rolling_4,cross_page_submit_subset,314,42,84,84,84,0,0
time,2,pages,rolling_4,page_creation_subset,78,83,84,84,84,0,0
time,2,pages,outliers_4,price_query,20000,0,42,42,42,0,0
time,2,pages,outliers_4,near_range8,20000,41,42,42,208,0,0
time,2,pages,outliers_4,index_submit,20000,42,84,84,250,0,0
time,2,pages,outliers_4,index_ack,20000,42,83,84,209,0,0
time,2,pages,outliers_4,cross_page_submit_subset,314,42,84,125,125,0,0
time,2,pages,outliers_4,page_creation_subset,78,83,125,125,125,0,0
time,2,pages,outliers_4,far_query,20000,0,42,42,167,0,0
time,2,pages,boundary_4,price_query,20000,0,42,42,84,0,0
time,2,pages,boundary_4,near_range8,20000,41,42,42,167,0,0
time,2,pages,boundary_4,index_submit,20000,42,84,84,125,0,0
time,2,pages,boundary_4,index_ack,20000,42,84,84,167,0,0
time,2,pages,boundary_4,cross_page_submit_subset,5000,42,84,84,84,0,0
time,2,pages,jump_4,price_query,20000,0,42,42,83,0,0
time,2,pages,jump_4,near_range8,20000,41,42,42,166,0,0
time,2,pages,jump_4,index_submit,20000,42,84,84,250,0,0
time,2,pages,jump_4,index_ack,20000,42,84,84,167,0,0
time,2,pages,jump_4,cross_page_submit_subset,3746,42,84,125,250,0,0
time,2,pages,jump_4,page_creation_subset,1248,83,84,167,250,0,0
time,2,pages,jump_4,jump_submit_subset,2496,42,84,166,250,0,0
time,2,pages,rolling_32,price_query,20000,0,42,42,84,0,0
time,2,pages,rolling_32,near_range8,20000,41,42,42,125,0,0
time,2,pages,rolling_32,index_submit,20000,42,84,84,167,0,0
time,2,pages,rolling_32,index_ack,20000,42,42,84,167,0,0
time,2,pages,rolling_32,cross_page_submit_subset,305,42,84,125,166,0,0
time,2,pages,rolling_32,page_creation_subset,10,83,125,125,125,0,0
time,2,pages,outliers_32,price_query,20000,0,42,42,83,0,0
time,2,pages,outliers_32,near_range8,20000,41,42,42,208,0,0
time,2,pages,outliers_32,index_submit,20000,42,84,84,292,0,0
time,2,pages,outliers_32,index_ack,20000,42,42,84,125,0,0
time,2,pages,outliers_32,cross_page_submit_subset,305,42,84,125,125,0,0
time,2,pages,outliers_32,page_creation_subset,10,84,125,125,125,0,0
time,2,pages,outliers_32,far_query,20000,0,42,42,42,0,0
time,2,pages,boundary_32,price_query,20000,0,42,42,42,0,0
time,2,pages,boundary_32,near_range8,20000,41,42,42,208,0,0
time,2,pages,boundary_32,index_submit,20000,42,84,84,167,0,0
time,2,pages,boundary_32,index_ack,20000,42,42,84,250,0,0
time,2,pages,boundary_32,cross_page_submit_subset,625,42,84,84,84,0,0
time,2,pages,jump_32,price_query,20000,0,42,42,83,0,0
time,2,pages,jump_32,near_range8,20000,41,42,42,666,0,0
time,2,pages,jump_32,index_submit,20000,42,84,84,750,0,0
time,2,pages,jump_32,index_ack,20000,42,42,84,5292,0,0
time,2,pages,jump_32,cross_page_submit_subset,2652,42,84,125,250,0,0
time,2,pages,jump_32,page_creation_subset,156,83,84,84,166,0,0
time,2,pages,jump_32,jump_submit_subset,2496,42,84,84,208,0,0
time,2,pages,rolling_128,price_query,20000,0,42,42,84,0,0
time,2,pages,rolling_128,near_range8,20000,41,42,42,167,0,0
time,2,pages,rolling_128,index_submit,20000,42,84,84,6583,0,0
time,2,pages,rolling_128,index_ack,20000,42,42,83,6542,0,0
time,2,pages,rolling_128,cross_page_submit_subset,312,42,84,125,125,0,0
time,2,pages,rolling_128,page_creation_subset,3,83,83,83,125,0,0
time,2,pages,outliers_128,price_query,20000,0,42,42,5250,0,0
time,2,pages,outliers_128,near_range8,20000,41,42,42,167,0,0
time,2,pages,outliers_128,index_submit,20000,42,84,84,6333,0,0
time,2,pages,outliers_128,index_ack,20000,42,42,84,125,0,0
time,2,pages,outliers_128,cross_page_submit_subset,312,42,84,125,167,0,0
time,2,pages,outliers_128,page_creation_subset,3,125,125,125,167,0,0
time,2,pages,outliers_128,far_query,20000,0,42,42,125,0,0
time,2,pages,boundary_128,price_query,20000,0,42,42,83,0,0
time,2,pages,boundary_128,near_range8,20000,41,42,42,167,0,0
time,2,pages,boundary_128,index_submit,20000,42,84,84,208,0,0
time,2,pages,boundary_128,index_ack,20000,42,42,84,7167,0,0
time,2,pages,boundary_128,cross_page_submit_subset,313,42,84,84,84,0,0
time,2,pages,jump_128,price_query,20000,0,42,42,83,0,0
time,2,pages,jump_128,near_range8,20000,41,42,42,209,0,0
time,2,pages,jump_128,index_submit,20000,42,84,84,167,0,0
time,2,pages,jump_128,index_ack,20000,42,83,84,167,0,0
time,2,pages,jump_128,cross_page_submit_subset,2704,42,84,125,166,0,0
time,2,pages,jump_128,page_creation_subset,77,83,125,125,125,0,0
time,2,pages,jump_128,jump_submit_subset,2432,42,84,84,166,0,0
time,2,pages,4096books_4near_2far,price_query,20000,41,291,375,708,0,0
time,2,pages,new_book_growth,index_insert,20000,125,1250,4625,271416,0,0
time,2,pages,new_book_growth,page_block_growth_subset,313,1417,25083,136750,271416,0,0
time,2,pages,engine_cancel_rehang_4near,cancel_to_command,20000,500,833,1083,225458,0,0
time,2,pages,engine_cancel_rehang_4near,new_to_command,20000,459,875,1750,190125,0,0
time,2,pages,engine_cancel_rehang_4near,accepted_report,20000,292,417,791,5333,0,0
time,2,pages,engine_cancel_rehang_4near,canceled_report,20000,333,417,708,5167,0,0
time,2,pages,engine_rolling_4_2far,price_query,20000,41,42,42,209,0,0
time,2,pages,engine_rolling_4_2far,intent_to_command,20000,541,625,750,2292,0,0
time,2,pages,engine_rolling_4_2far,intent_queued,20000,208,291,375,4584,0,0
time,2,pages,engine_rolling_4_2far,replace_report,20000,291,375,459,1375,0,0
time,2,pages,engine_rolling_4_2far,ready_to_command,20000,542,625,750,3833,0,0
time,2,pages,engine_jump_4_2far,price_query,20000,41,42,42,125,0,0
time,2,pages,engine_jump_4_2far,intent_to_command,20000,542,625,708,2208,0,0
time,2,pages,engine_jump_4_2far,intent_queued,20000,208,291,333,417,0,0
time,2,pages,engine_jump_4_2far,replace_report,20000,250,375,459,7375,0,0
time,2,pages,engine_jump_4_2far,ready_to_command,20000,583,667,750,7666,0,0
time,2,pages,engine_jump_4_2far,jump_intent_subset,2496,542,625,667,834,0,0
time,2,pages,engine_rolling_32_2far,price_query,20000,41,42,42,83,0,0
time,2,pages,engine_rolling_32_2far,intent_to_command,20000,542,625,708,5542,0,0
time,2,pages,engine_rolling_32_2far,intent_queued,20000,208,250,292,1500,0,0
time,2,pages,engine_rolling_32_2far,replace_report,20000,250,375,417,2917,0,0
time,2,pages,engine_rolling_32_2far,ready_to_command,20000,542,625,750,6625,0,0
time,2,pages,engine_jump_32_2far,price_query,20000,41,42,42,84,0,0
time,2,pages,engine_jump_32_2far,intent_to_command,20000,542,625,709,875,0,0
time,2,pages,engine_jump_32_2far,intent_queued,20000,208,250,333,500,0,0
time,2,pages,engine_jump_32_2far,replace_report,20000,250,375,417,4083,0,0
time,2,pages,engine_jump_32_2far,ready_to_command,20000,542,625,709,5709,0,0
time,2,pages,engine_jump_32_2far,jump_intent_subset,2496,542,625,708,834,0,0
time,3,pages,rolling_4,price_query,20000,0,42,42,84,0,0
time,3,pages,rolling_4,near_range8,20000,41,42,42,208,0,0
time,3,pages,rolling_4,index_submit,20000,42,84,84,125,0,0
time,3,pages,rolling_4,index_ack,20000,42,83,84,334,0,0
time,3,pages,rolling_4,cross_page_submit_subset,314,42,84,125,125,0,0
time,3,pages,rolling_4,page_creation_subset,78,83,125,125,125,0,0
time,3,pages,outliers_4,price_query,20000,0,42,42,4292,0,0
time,3,pages,outliers_4,near_range8,20000,41,42,42,166,0,0
time,3,pages,outliers_4,index_submit,20000,42,84,84,208,0,0
time,3,pages,outliers_4,index_ack,20000,42,83,84,208,0,0
time,3,pages,outliers_4,cross_page_submit_subset,314,42,84,84,125,0,0
time,3,pages,outliers_4,page_creation_subset,78,83,84,84,125,0,0
time,3,pages,outliers_4,far_query,20000,0,42,42,208,0,0
time,3,pages,boundary_4,price_query,20000,0,42,42,42,0,0
time,3,pages,boundary_4,near_range8,20000,41,42,42,125,0,0
time,3,pages,boundary_4,index_submit,20000,42,84,84,1500,0,0
time,3,pages,boundary_4,index_ack,20000,42,84,84,167,0,0
time,3,pages,boundary_4,cross_page_submit_subset,5000,42,84,84,1500,0,0
time,3,pages,jump_4,price_query,20000,0,42,42,125,0,0
time,3,pages,jump_4,near_range8,20000,41,42,42,166,0,0
time,3,pages,jump_4,index_submit,20000,42,84,84,209,0,0
time,3,pages,jump_4,index_ack,20000,42,84,84,250,0,0
time,3,pages,jump_4,cross_page_submit_subset,3746,42,84,84,125,0,0
time,3,pages,jump_4,page_creation_subset,1248,83,84,125,125,0,0
time,3,pages,jump_4,jump_submit_subset,2496,42,84,125,125,0,0
time,3,pages,rolling_32,price_query,20000,0,42,42,83,0,0
time,3,pages,rolling_32,near_range8,20000,41,42,42,167,0,0
time,3,pages,rolling_32,index_submit,20000,42,84,84,84,0,0
time,3,pages,rolling_32,index_ack,20000,42,42,83,5125,0,0
time,3,pages,rolling_32,cross_page_submit_subset,305,42,84,84,84,0,0
time,3,pages,rolling_32,page_creation_subset,10,83,84,84,84,0,0
time,3,pages,outliers_32,price_query,20000,0,42,42,83,0,0
time,3,pages,outliers_32,near_range8,20000,41,42,42,166,0,0
time,3,pages,outliers_32,index_submit,20000,42,84,84,208,0,0
time,3,pages,outliers_32,index_ack,20000,42,42,84,209,0,0
time,3,pages,outliers_32,cross_page_submit_subset,305,42,84,84,84,0,0
time,3,pages,outliers_32,page_creation_subset,10,83,84,84,84,0,0
time,3,pages,outliers_32,far_query,20000,0,42,42,83,0,0
time,3,pages,boundary_32,price_query,20000,0,42,42,83,0,0
time,3,pages,boundary_32,near_range8,20000,41,42,42,208,0,0
time,3,pages,boundary_32,index_submit,20000,42,84,84,209,0,0
time,3,pages,boundary_32,index_ack,20000,42,42,84,13958,0,0
time,3,pages,boundary_32,cross_page_submit_subset,625,42,84,84,84,0,0
time,3,pages,jump_32,price_query,20000,0,42,42,9167,0,0
time,3,pages,jump_32,near_range8,20000,41,42,42,125,0,0
time,3,pages,jump_32,index_submit,20000,42,84,84,208,0,0
time,3,pages,jump_32,index_ack,20000,42,42,84,166,0,0
time,3,pages,jump_32,cross_page_submit_subset,2652,42,84,84,167,0,0
time,3,pages,jump_32,page_creation_subset,156,83,84,84,125,0,0
time,3,pages,jump_32,jump_submit_subset,2496,42,84,84,167,0,0
time,3,pages,rolling_128,price_query,20000,0,42,42,84,0,0
time,3,pages,rolling_128,near_range8,20000,41,42,42,1500,0,0
time,3,pages,rolling_128,index_submit,20000,42,84,84,583,0,0
time,3,pages,rolling_128,index_ack,20000,42,42,83,208,0,0
time,3,pages,rolling_128,cross_page_submit_subset,312,42,84,84,84,0,0
time,3,pages,rolling_128,page_creation_subset,3,83,83,83,84,0,0
time,3,pages,outliers_128,price_query,20000,0,42,42,84,0,0
time,3,pages,outliers_128,near_range8,20000,41,42,42,2709,0,0
time,3,pages,outliers_128,index_submit,20000,42,84,84,375,0,0
time,3,pages,outliers_128,index_ack,20000,42,42,84,125,0,0
time,3,pages,outliers_128,cross_page_submit_subset,312,42,84,84,125,0,0
time,3,pages,outliers_128,page_creation_subset,3,83,83,83,125,0,0
time,3,pages,outliers_128,far_query,20000,0,42,42,84,0,0
time,3,pages,boundary_128,price_query,20000,0,42,42,84,0,0
time,3,pages,boundary_128,near_range8,20000,41,42,42,208,0,0
time,3,pages,boundary_128,index_submit,20000,42,84,84,167,0,0
time,3,pages,boundary_128,index_ack,20000,42,42,84,167,0,0
time,3,pages,boundary_128,cross_page_submit_subset,313,42,84,84,84,0,0
time,3,pages,jump_128,price_query,20000,0,42,42,84,0,0
time,3,pages,jump_128,near_range8,20000,41,42,42,209,0,0
time,3,pages,jump_128,index_submit,20000,42,84,84,208,0,0
time,3,pages,jump_128,index_ack,20000,42,83,84,5166,0,0
time,3,pages,jump_128,cross_page_submit_subset,2704,42,84,125,208,0,0
time,3,pages,jump_128,page_creation_subset,77,83,125,125,125,0,0
time,3,pages,jump_128,jump_submit_subset,2432,42,84,125,208,0,0
time,3,pages,4096books_4near_2far,price_query,20000,41,250,375,542,0,0
time,3,pages,new_book_growth,index_insert,20000,125,1208,2208,270792,0,0
time,3,pages,new_book_growth,page_block_growth_subset,313,1334,17834,137917,270792,0,0
time,3,pages,engine_cancel_rehang_4near,cancel_to_command,20000,500,792,959,220750,0,0
time,3,pages,engine_cancel_rehang_4near,new_to_command,20000,459,875,1250,221833,0,0
time,3,pages,engine_cancel_rehang_4near,accepted_report,20000,292,417,459,542,0,0
time,3,pages,engine_cancel_rehang_4near,canceled_report,20000,292,417,500,584,0,0
time,3,pages,engine_rolling_4_2far,price_query,20000,41,42,42,84,0,0
time,3,pages,engine_rolling_4_2far,intent_to_command,20000,542,625,708,875,0,0
time,3,pages,engine_rolling_4_2far,intent_queued,20000,209,291,333,416,0,0
time,3,pages,engine_rolling_4_2far,replace_report,20000,250,375,458,2792,0,0
time,3,pages,engine_rolling_4_2far,ready_to_command,20000,583,667,750,6542,0,0
time,3,pages,engine_jump_4_2far,price_query,20000,41,42,42,84,0,0
time,3,pages,engine_jump_4_2far,intent_to_command,20000,542,625,708,5542,0,0
time,3,pages,engine_jump_4_2far,intent_queued,20000,209,292,333,417,0,0
time,3,pages,engine_jump_4_2far,replace_report,20000,250,375,458,5041,0,0
time,3,pages,engine_jump_4_2far,ready_to_command,20000,583,667,750,5708,0,0
time,3,pages,engine_jump_4_2far,jump_intent_subset,2496,542,625,667,709,0,0
time,3,pages,engine_rolling_32_2far,price_query,20000,41,42,42,166,0,0
time,3,pages,engine_rolling_32_2far,intent_to_command,20000,542,625,709,6916,0,0
time,3,pages,engine_rolling_32_2far,intent_queued,20000,209,291,334,3167,0,0
time,3,pages,engine_rolling_32_2far,replace_report,20000,250,375,417,5042,0,0
time,3,pages,engine_rolling_32_2far,ready_to_command,20000,583,667,750,6584,0,0
time,3,pages,engine_jump_32_2far,price_query,20000,41,42,42,167,0,0
time,3,pages,engine_jump_32_2far,intent_to_command,20000,542,625,708,1833,0,0
time,3,pages,engine_jump_32_2far,intent_queued,20000,209,292,333,417,0,0
time,3,pages,engine_jump_32_2far,replace_report,20000,250,375,417,542,0,0
time,3,pages,engine_jump_32_2far,ready_to_command,20000,583,667,750,1750,0,0
time,3,pages,engine_jump_32_2far,jump_intent_subset,2496,542,625,667,750,0,0
time,3,standard,rolling_4,price_query,20000,0,42,42,125,0,0
time,3,standard,rolling_4,near_range8,20000,41,42,42,375,0,0
time,3,standard,rolling_4,index_submit,20000,42,84,84,334,0,0
time,3,standard,rolling_4,index_ack,20000,42,84,84,709,0,0
time,3,standard,rolling_4,cross_page_submit_subset,314,42,84,84,84,0,0
time,3,standard,outliers_4,price_query,20000,0,42,42,208,0,0
time,3,standard,outliers_4,near_range8,20000,0,42,42,125,0,0
time,3,standard,outliers_4,index_submit,20000,42,84,84,208,0,0
time,3,standard,outliers_4,index_ack,20000,42,84,84,333,0,0
time,3,standard,outliers_4,cross_page_submit_subset,314,42,84,84,84,0,0
time,3,standard,outliers_4,far_query,20000,0,42,42,125,0,0
time,3,standard,boundary_4,price_query,20000,0,42,42,42,0,0
time,3,standard,boundary_4,near_range8,20000,41,42,42,125,0,0
time,3,standard,boundary_4,index_submit,20000,42,84,84,167,0,0
time,3,standard,boundary_4,index_ack,20000,42,84,84,209,0,0
time,3,standard,boundary_4,cross_page_submit_subset,5000,42,84,84,167,0,0
time,3,standard,jump_4,price_query,20000,0,42,42,125,0,0
time,3,standard,jump_4,near_range8,20000,41,42,42,167,0,0
time,3,standard,jump_4,index_submit,20000,42,84,84,167,0,0
time,3,standard,jump_4,index_ack,20000,42,84,84,1500,0,0
time,3,standard,jump_4,cross_page_submit_subset,3746,42,84,84,167,0,0
time,3,standard,jump_4,jump_submit_subset,2496,42,84,84,167,0,0
time,3,standard,rolling_32,price_query,20000,0,42,42,125,0,0
time,3,standard,rolling_32,near_range8,20000,41,42,42,375,0,0
time,3,standard,rolling_32,index_submit,20000,42,84,125,167,0,0
time,3,standard,rolling_32,index_ack,20000,42,84,167,833,0,0
time,3,standard,rolling_32,cross_page_submit_subset,305,42,84,84,84,0,0
time,3,standard,outliers_32,price_query,20000,0,42,42,84,0,0
time,3,standard,outliers_32,near_range8,20000,41,42,42,167,0,0
time,3,standard,outliers_32,index_submit,20000,42,84,125,333,0,0
time,3,standard,outliers_32,index_ack,20000,42,84,167,5000,0,0
time,3,standard,outliers_32,cross_page_submit_subset,305,42,84,125,125,0,0
time,3,standard,outliers_32,far_query,20000,0,42,42,84,0,0
time,3,standard,boundary_32,price_query,20000,0,42,42,84,0,0
time,3,standard,boundary_32,near_range8,20000,41,42,42,208,0,0
time,3,standard,boundary_32,index_submit,20000,42,84,125,250,0,0
time,3,standard,boundary_32,index_ack,20000,42,125,166,500,0,0
time,3,standard,boundary_32,cross_page_submit_subset,625,42,84,84,84,0,0
time,3,standard,jump_32,price_query,20000,0,42,42,84,0,0
time,3,standard,jump_32,near_range8,20000,41,42,83,166,0,0
time,3,standard,jump_32,index_submit,20000,42,84,125,209,0,0
time,3,standard,jump_32,index_ack,20000,42,125,167,625,0,0
time,3,standard,jump_32,cross_page_submit_subset,2652,83,125,167,208,0,0
time,3,standard,jump_32,jump_submit_subset,2496,83,125,167,208,0,0
time,3,standard,rolling_128,price_query,20000,0,42,42,5000,0,0
time,3,standard,rolling_128,near_range8,20000,42,42,125,3333,0,0
time,3,standard,rolling_128,index_submit,20000,42,84,167,541,0,0
time,3,standard,rolling_128,index_ack,20000,42,83,208,3333,0,0
time,3,standard,rolling_128,cross_page_submit_subset,312,42,84,167,167,0,0
time,3,standard,outliers_128,price_query,20000,0,42,42,84,0,0
time,3,standard,outliers_128,near_range8,20000,41,42,83,125,0,0
time,3,standard,outliers_128,index_submit,20000,42,84,125,625,0,0
time,3,standard,outliers_128,index_ack,20000,42,83,208,500,0,0
time,3,standard,outliers_128,cross_page_submit_subset,312,42,84,166,167,0,0
time,3,standard,outliers_128,far_query,20000,0,42,42,167,0,0
time,3,standard,boundary_128,price_query,20000,0,42,42,167,0,0
time,3,standard,boundary_128,near_range8,20000,41,42,42,6500,0,0
time,3,standard,boundary_128,index_submit,20000,42,84,125,250,0,0
time,3,standard,boundary_128,index_ack,20000,42,166,209,334,0,0
time,3,standard,boundary_128,cross_page_submit_subset,313,83,84,84,125,0,0
time,3,standard,jump_128,price_query,20000,0,42,42,6458,0,0
time,3,standard,jump_128,near_range8,20000,42,42,84,208,0,0
time,3,standard,jump_128,index_submit,20000,42,125,167,542,0,0
time,3,standard,jump_128,index_ack,20000,42,167,209,375,0,0
time,3,standard,jump_128,cross_page_submit_subset,2704,83,166,209,542,0,0
time,3,standard,jump_128,jump_submit_subset,2432,83,166,209,542,0,0
time,3,standard,4096books_4near_2far,price_query,20000,41,166,250,416,0,0
time,3,standard,new_book_growth,index_insert,20000,84,375,959,277542,0,0
time,3,standard,engine_cancel_rehang_4near,cancel_to_command,20000,500,833,1000,221792,0,0
time,3,standard,engine_cancel_rehang_4near,new_to_command,20000,459,875,1250,239916,0,0
time,3,standard,engine_cancel_rehang_4near,accepted_report,20000,292,417,500,3292,0,0
time,3,standard,engine_cancel_rehang_4near,canceled_report,20000,292,417,500,2792,0,0
time,3,standard,engine_rolling_4_2far,price_query,20000,41,42,42,84,0,0
time,3,standard,engine_rolling_4_2far,intent_to_command,20000,542,625,709,6583,0,0
time,3,standard,engine_rolling_4_2far,intent_queued,20000,209,292,334,6917,0,0
time,3,standard,engine_rolling_4_2far,replace_report,20000,291,375,458,2083,0,0
time,3,standard,engine_rolling_4_2far,ready_to_command,20000,583,667,750,7834,0,0
time,3,standard,engine_jump_4_2far,price_query,20000,41,42,42,167,0,0
time,3,standard,engine_jump_4_2far,intent_to_command,20000,542,625,709,2375,0,0
time,3,standard,engine_jump_4_2far,intent_queued,20000,209,292,375,458,0,0
time,3,standard,engine_jump_4_2far,replace_report,20000,291,417,500,5292,0,0
time,3,standard,engine_jump_4_2far,ready_to_command,20000,583,667,750,11500,0,0
time,3,standard,engine_jump_4_2far,jump_intent_subset,2496,542,625,709,959,0,0
time,3,standard,engine_rolling_32_2far,price_query,20000,41,42,84,125,0,0
time,3,standard,engine_rolling_32_2far,intent_to_command,20000,542,666,750,1292,0,0
time,3,standard,engine_rolling_32_2far,intent_queued,20000,209,292,334,4041,0,0
time,3,standard,engine_rolling_32_2far,replace_report,20000,250,417,500,5208,0,0
time,3,standard,engine_rolling_32_2far,ready_to_command,20000,583,708,792,5583,0,0
time,3,standard,engine_jump_32_2far,price_query,20000,41,42,84,583,0,0
time,3,standard,engine_jump_32_2far,intent_to_command,20000,542,625,750,26666,0,0
time,3,standard,engine_jump_32_2far,intent_queued,20000,209,291,334,708,0,0
time,3,standard,engine_jump_32_2far,replace_report,20000,250,417,500,5209,0,0
time,3,standard,engine_jump_32_2far,ready_to_command,20000,583,667,750,5584,0,0
time,3,standard,engine_jump_32_2far,jump_intent_subset,2496,542,625,791,26666,0,0
time,4,standard,rolling_4,price_query,20000,0,42,42,209,0,0
time,4,standard,rolling_4,near_range8,20000,41,42,42,5417,0,0
time,4,standard,rolling_4,index_submit,20000,42,84,84,209,0,0
time,4,standard,rolling_4,index_ack,20000,42,84,84,458,0,0
time,4,standard,rolling_4,cross_page_submit_subset,314,42,84,84,84,0,0
time,4,standard,outliers_4,price_query,20000,0,42,42,84,0,0
time,4,standard,outliers_4,near_range8,20000,0,42,42,208,0,0
time,4,standard,outliers_4,index_submit,20000,42,84,84,208,0,0
time,4,standard,outliers_4,index_ack,20000,42,84,84,208,0,0
time,4,standard,outliers_4,cross_page_submit_subset,314,42,84,84,84,0,0
time,4,standard,outliers_4,far_query,20000,0,42,42,209,0,0
time,4,standard,boundary_4,price_query,20000,0,42,42,3167,0,0
time,4,standard,boundary_4,near_range8,20000,41,42,42,167,0,0
time,4,standard,boundary_4,index_submit,20000,42,84,84,4250,0,0
time,4,standard,boundary_4,index_ack,20000,42,84,84,208,0,0
time,4,standard,boundary_4,cross_page_submit_subset,5000,42,84,84,4250,0,0
time,4,standard,jump_4,price_query,20000,0,42,42,84,0,0
time,4,standard,jump_4,near_range8,20000,41,42,42,167,0,0
time,4,standard,jump_4,index_submit,20000,42,84,84,125,0,0
time,4,standard,jump_4,index_ack,20000,42,84,84,167,0,0
time,4,standard,jump_4,cross_page_submit_subset,3746,42,84,84,84,0,0
time,4,standard,jump_4,jump_submit_subset,2496,42,84,84,84,0,0
time,4,standard,rolling_32,price_query,20000,0,42,42,84,0,0
time,4,standard,rolling_32,near_range8,20000,41,42,42,208,0,0
time,4,standard,rolling_32,index_submit,20000,42,84,125,5709,0,0
time,4,standard,rolling_32,index_ack,20000,42,84,167,541,0,0
time,4,standard,rolling_32,cross_page_submit_subset,305,42,84,84,209,0,0
time,4,standard,outliers_32,price_query,20000,0,42,42,84,0,0
time,4,standard,outliers_32,near_range8,20000,41,42,42,208,0,0
time,4,standard,outliers_32,index_submit,20000,42,84,125,333,0,0
time,4,standard,outliers_32,index_ack,20000,42,84,167,958,0,0
time,4,standard,outliers_32,cross_page_submit_subset,305,42,84,84,125,0,0
time,4,standard,outliers_32,far_query,20000,0,42,42,125,0,0
time,4,standard,boundary_32,price_query,20000,0,42,42,83,0,0
time,4,standard,boundary_32,near_range8,20000,41,42,42,250,0,0
time,4,standard,boundary_32,index_submit,20000,42,84,125,250,0,0
time,4,standard,boundary_32,index_ack,20000,42,125,166,250,0,0
time,4,standard,boundary_32,cross_page_submit_subset,625,42,84,84,84,0,0
time,4,standard,jump_32,price_query,20000,0,42,42,84,0,0
time,4,standard,jump_32,near_range8,20000,41,42,42,166,0,0
time,4,standard,jump_32,index_submit,20000,42,84,125,250,0,0
time,4,standard,jump_32,index_ack,20000,42,125,167,542,0,0
time,4,standard,jump_32,cross_page_submit_subset,2652,83,125,166,208,0,0
time,4,standard,jump_32,jump_submit_subset,2496,83,125,166,208,0,0
time,4,standard,rolling_128,price_query,20000,0,42,42,7000,0,0
time,4,standard,rolling_128,near_range8,20000,41,42,84,8875,0,0
time,4,standard,rolling_128,index_submit,20000,42,84,208,14709,0,0
time,4,standard,rolling_128,index_ack,20000,42,83,209,5084,0,0
time,4,standard,rolling_128,cross_page_submit_subset,312,42,84,84,167,0,0
time,4,standard,outliers_128,price_query,20000,0,42,42,208,0,0
time,4,standard,outliers_128,near_range8,20000,41,42,83,4333,0,0
time,4,standard,outliers_128,index_submit,20000,42,84,125,875,0,0
time,4,standard,outliers_128,index_ack,20000,42,83,167,584,0,0
time,4,standard,outliers_128,cross_page_submit_subset,312,42,84,125,167,0,0
time,4,standard,outliers_128,far_query,20000,41,42,42,167,0,0
time,4,standard,boundary_128,price_query,20000,0,42,42,42,0,0
time,4,standard,boundary_128,near_range8,20000,42,42,42,84,0,0
time,4,standard,boundary_128,index_submit,20000,42,84,125,209,0,0
time,4,standard,boundary_128,index_ack,20000,42,166,209,7291,0,0
time,4,standard,boundary_128,cross_page_submit_subset,313,83,84,84,84,0,0
time,4,standard,jump_128,price_query,20000,0,42,42,167,0,0
time,4,standard,jump_128,near_range8,20000,42,42,84,209,0,0
time,4,standard,jump_128,index_submit,20000,42,125,166,250,0,0
time,4,standard,jump_128,index_ack,20000,42,167,209,333,0,0
time,4,standard,jump_128,cross_page_submit_subset,2704,83,125,208,250,0,0
time,4,standard,jump_128,jump_submit_subset,2432,83,125,208,250,0,0
time,4,standard,4096books_4near_2far,price_query,20000,0,167,250,5917,0,0
time,4,standard,new_book_growth,index_insert,20000,84,416,875,274875,0,0
time,4,standard,engine_cancel_rehang_4near,cancel_to_command,20000,500,792,959,218875,0,0
time,4,standard,engine_cancel_rehang_4near,new_to_command,20000,459,875,1250,191042,0,0
time,4,standard,engine_cancel_rehang_4near,accepted_report,20000,292,417,500,5333,0,0
time,4,standard,engine_cancel_rehang_4near,canceled_report,20000,292,417,459,584,0,0
time,4,standard,engine_rolling_4_2far,price_query,20000,41,42,42,83,0,0
time,4,standard,engine_rolling_4_2far,intent_to_command,20000,542,625,709,7708,0,0
time,4,standard,engine_rolling_4_2far,intent_queued,20000,209,292,334,4375,0,0
time,4,standard,engine_rolling_4_2far,replace_report,20000,291,375,458,6125,0,0
time,4,standard,engine_rolling_4_2far,ready_to_command,20000,583,667,750,3458,0,0
time,4,standard,engine_jump_4_2far,price_query,20000,41,42,42,167,0,0
time,4,standard,engine_jump_4_2far,intent_to_command,20000,542,625,708,9625,0,0
time,4,standard,engine_jump_4_2far,intent_queued,20000,209,291,333,14375,0,0
time,4,standard,engine_jump_4_2far,replace_report,20000,291,375,417,13042,0,0
time,4,standard,engine_jump_4_2far,ready_to_command,20000,583,667,750,7334,0,0
time,4,standard,engine_jump_4_2far,jump_intent_subset,2496,542,625,708,9625,0,0
time,4,standard,engine_rolling_32_2far,price_query,20000,41,42,84,84,0,0
time,4,standard,engine_rolling_32_2far,intent_to_command,20000,542,625,750,2292,0,0
time,4,standard,engine_rolling_32_2far,intent_queued,20000,209,291,333,416,0,0
time,4,standard,engine_rolling_32_2far,replace_report,20000,250,416,459,5334,0,0
time,4,standard,engine_rolling_32_2far,ready_to_command,20000,583,667,750,875,0,0
time,4,standard,engine_jump_32_2far,price_query,20000,41,42,84,208,0,0
time,4,standard,engine_jump_32_2far,intent_to_command,20000,542,625,750,5708,0,0
time,4,standard,engine_jump_32_2far,intent_queued,20000,209,291,334,6833,0,0
time,4,standard,engine_jump_32_2far,replace_report,20000,250,417,500,625,0,0
time,4,standard,engine_jump_32_2far,ready_to_command,20000,583,708,792,5750,0,0
time,4,standard,engine_jump_32_2far,jump_intent_subset,2496,542,667,750,875,0,0
time,4,pages,rolling_4,price_query,20000,0,42,42,166,0,0
time,4,pages,rolling_4,near_range8,20000,41,42,42,459,0,0
time,4,pages,rolling_4,index_submit,20000,42,84,84,167,0,0
time,4,pages,rolling_4,index_ack,20000,42,83,84,416,0,0
time,4,pages,rolling_4,cross_page_submit_subset,314,42,84,84,84,0,0
time,4,pages,rolling_4,page_creation_subset,78,83,84,84,84,0,0
time,4,pages,outliers_4,price_query,20000,0,42,42,83,0,0
time,4,pages,outliers_4,near_range8,20000,41,42,42,166,0,0
time,4,pages,outliers_4,index_submit,20000,42,84,84,209,0,0
time,4,pages,outliers_4,index_ack,20000,42,83,84,3625,0,0
time,4,pages,outliers_4,cross_page_submit_subset,314,42,84,125,166,0,0
time,4,pages,outliers_4,page_creation_subset,78,83,125,125,166,0,0
time,4,pages,outliers_4,far_query,20000,0,42,42,125,0,0
time,4,pages,boundary_4,price_query,20000,0,42,42,5083,0,0
time,4,pages,boundary_4,near_range8,20000,41,42,42,167,0,0
time,4,pages,boundary_4,index_submit,20000,42,84,84,208,0,0
time,4,pages,boundary_4,index_ack,20000,42,84,84,167,0,0
time,4,pages,boundary_4,cross_page_submit_subset,5000,42,84,84,208,0,0
time,4,pages,jump_4,price_query,20000,0,42,42,84,0,0
time,4,pages,jump_4,near_range8,20000,41,42,42,84,0,0
time,4,pages,jump_4,index_submit,20000,42,84,84,166,0,0
time,4,pages,jump_4,index_ack,20000,42,84,84,250,0,0
time,4,pages,jump_4,cross_page_submit_subset,3746,42,84,84,125,0,0
time,4,pages,jump_4,page_creation_subset,1248,83,84,84,125,0,0
time,4,pages,jump_4,jump_submit_subset,2496,42,84,84,125,0,0
time,4,pages,rolling_32,price_query,20000,0,42,42,83,0,0
time,4,pages,rolling_32,near_range8,20000,41,42,42,125,0,0
time,4,pages,rolling_32,index_submit,20000,42,84,84,167,0,0
time,4,pages,rolling_32,index_ack,20000,42,42,83,166,0,0
time,4,pages,rolling_32,cross_page_submit_subset,305,42,84,84,125,0,0
time,4,pages,rolling_32,page_creation_subset,10,83,84,84,125,0,0
time,4,pages,outliers_32,price_query,20000,0,42,42,42,0,0
time,4,pages,outliers_32,near_range8,20000,41,42,42,208,0,0
time,4,pages,outliers_32,index_submit,20000,42,84,84,250,0,0
time,4,pages,outliers_32,index_ack,20000,42,42,84,208,0,0
time,4,pages,outliers_32,cross_page_submit_subset,305,42,84,125,167,0,0
time,4,pages,outliers_32,page_creation_subset,10,83,125,125,125,0,0
time,4,pages,outliers_32,far_query,20000,0,42,42,208,0,0
time,4,pages,boundary_32,price_query,20000,0,42,42,84,0,0
time,4,pages,boundary_32,near_range8,20000,41,42,42,167,0,0
time,4,pages,boundary_32,index_submit,20000,42,84,84,250,0,0
time,4,pages,boundary_32,index_ack,20000,42,42,84,208,0,0
time,4,pages,boundary_32,cross_page_submit_subset,625,42,84,84,125,0,0
time,4,pages,jump_32,price_query,20000,0,42,42,83,0,0
time,4,pages,jump_32,near_range8,20000,41,42,42,84,0,0
time,4,pages,jump_32,index_submit,20000,42,84,84,209,0,0
time,4,pages,jump_32,index_ack,20000,42,42,84,167,0,0
time,4,pages,jump_32,cross_page_submit_subset,2652,42,84,84,208,0,0
time,4,pages,jump_32,page_creation_subset,156,83,84,84,84,0,0
time,4,pages,jump_32,jump_submit_subset,2496,42,84,84,208,0,0
time,4,pages,rolling_128,price_query,20000,0,42,42,84,0,0
time,4,pages,rolling_128,near_range8,20000,41,42,42,167,0,0
time,4,pages,rolling_128,index_submit,20000,42,84,84,208,0,0
time,4,pages,rolling_128,index_ack,20000,42,42,83,125,0,0
time,4,pages,rolling_128,cross_page_submit_subset,312,42,84,84,125,0,0
time,4,pages,rolling_128,page_creation_subset,3,83,83,83,125,0,0
time,4,pages,outliers_128,price_query,20000,0,42,42,84,0,0
time,4,pages,outliers_128,near_range8,20000,41,42,42,84,0,0
time,4,pages,outliers_128,index_submit,20000,42,84,84,667,0,0
time,4,pages,outliers_128,index_ack,20000,42,42,84,5000,0,0
time,4,pages,outliers_128,cross_page_submit_subset,312,42,84,125,125,0,0
time,4,pages,outliers_128,page_creation_subset,3,125,125,125,125,0,0
time,4,pages,outliers_128,far_query,20000,0,42,42,83,0,0
time,4,pages,boundary_128,price_query,20000,0,42,42,84,0,0
time,4,pages,boundary_128,near_range8,20000,41,42,42,167,0,0
time,4,pages,boundary_128,index_submit,20000,42,84,84,209,0,0
time,4,pages,boundary_128,index_ack,20000,42,42,84,167,0,0
time,4,pages,boundary_128,cross_page_submit_subset,313,42,84,84,84,0,0
time,4,pages,jump_128,price_query,20000,0,42,42,84,0,0
time,4,pages,jump_128,near_range8,20000,41,42,42,167,0,0
time,4,pages,jump_128,index_submit,20000,42,84,84,208,0,0
time,4,pages,jump_128,index_ack,20000,42,42,84,125,0,0
time,4,pages,jump_128,cross_page_submit_subset,2704,42,84,125,208,0,0
time,4,pages,jump_128,page_creation_subset,77,83,125,125,125,0,0
time,4,pages,jump_128,jump_submit_subset,2432,42,84,125,208,0,0
time,4,pages,4096books_4near_2far,price_query,20000,41,250,334,583,0,0
time,4,pages,new_book_growth,index_insert,20000,125,1209,2208,277875,0,0
time,4,pages,new_book_growth,page_block_growth_subset,313,1375,18667,139167,277875,0,0
time,4,pages,engine_cancel_rehang_4near,cancel_to_command,20000,500,792,1000,219459,0,0
time,4,pages,engine_cancel_rehang_4near,new_to_command,20000,459,875,1292,206708,0,0
time,4,pages,engine_cancel_rehang_4near,accepted_report,20000,292,417,500,4375,0,0
time,4,pages,engine_cancel_rehang_4near,canceled_report,20000,292,417,500,3958,0,0
time,4,pages,engine_rolling_4_2far,price_query,20000,41,42,42,84,0,0
time,4,pages,engine_rolling_4_2far,intent_to_command,20000,542,625,708,5750,0,0
time,4,pages,engine_rolling_4_2far,intent_queued,20000,209,291,333,417,0,0
time,4,pages,engine_rolling_4_2far,replace_report,20000,250,375,458,583,0,0
time,4,pages,engine_rolling_4_2far,ready_to_command,20000,583,666,750,7291,0,0
time,4,pages,engine_jump_4_2far,price_query,20000,41,42,42,167,0,0
time,4,pages,engine_jump_4_2far,intent_to_command,20000,542,625,708,5542,0,0
time,4,pages,engine_jump_4_2far,intent_queued,20000,209,291,333,5625,0,0
time,4,pages,engine_jump_4_2far,replace_report,20000,250,375,417,500,0,0
time,4,pages,engine_jump_4_2far,ready_to_command,20000,583,666,709,6708,0,0
time,4,pages,engine_jump_4_2far,jump_intent_subset,2496,542,625,709,750,0,0
time,4,pages,engine_rolling_32_2far,price_query,20000,41,42,42,208,0,0
time,4,pages,engine_rolling_32_2far,intent_to_command,20000,542,625,708,792,0,0
time,4,pages,engine_rolling_32_2far,intent_queued,20000,209,291,333,5459,0,0
time,4,pages,engine_rolling_32_2far,replace_report,20000,250,375,458,1000,0,0
time,4,pages,engine_rolling_32_2far,ready_to_command,20000,583,666,750,6584,0,0
time,4,pages,engine_jump_32_2far,price_query,20000,41,42,42,84,0,0
time,4,pages,engine_jump_32_2far,intent_to_command,20000,542,625,708,5584,0,0
time,4,pages,engine_jump_32_2far,intent_queued,20000,209,291,333,375,0,0
time,4,pages,engine_jump_32_2far,replace_report,20000,250,375,417,6125,0,0
time,4,pages,engine_jump_32_2far,ready_to_command,20000,583,666,750,4083,0,0
time,4,pages,engine_jump_32_2far,jump_intent_subset,2496,542,625,708,750,0,0
alloc,0,standard,rolling_4,price_query,20000,0,0,0,0,0,0
alloc,0,standard,rolling_4,near_range8,20000,0,0,0,0,0,0
alloc,0,standard,rolling_4,index_submit,20000,0,0,0,0,0,0
alloc,0,standard,rolling_4,index_ack,20000,0,0,0,0,0,0
alloc,0,standard,rolling_4,cross_page_submit_subset,314,0,0,0,0,0,0
alloc,0,standard,outliers_4,price_query,20000,0,0,0,0,0,0
alloc,0,standard,outliers_4,near_range8,20000,0,0,0,0,0,0
alloc,0,standard,outliers_4,index_submit,20000,0,0,0,0,0,0
alloc,0,standard,outliers_4,index_ack,20000,0,0,0,0,0,0
alloc,0,standard,outliers_4,cross_page_submit_subset,314,0,0,0,0,0,0
alloc,0,standard,outliers_4,far_query,20000,0,0,0,0,0,0
alloc,0,standard,boundary_4,price_query,20000,0,0,0,0,0,0
alloc,0,standard,boundary_4,near_range8,20000,0,0,0,0,0,0
alloc,0,standard,boundary_4,index_submit,20000,0,0,0,0,0,0
alloc,0,standard,boundary_4,index_ack,20000,0,0,0,0,0,0
alloc,0,standard,boundary_4,cross_page_submit_subset,5000,0,0,0,0,0,0
alloc,0,standard,jump_4,price_query,20000,0,0,0,0,0,0
alloc,0,standard,jump_4,near_range8,20000,0,0,0,0,0,0
alloc,0,standard,jump_4,index_submit,20000,0,0,0,0,0,0
alloc,0,standard,jump_4,index_ack,20000,0,0,0,0,0,0
alloc,0,standard,jump_4,cross_page_submit_subset,3746,0,0,0,0,0,0
alloc,0,standard,jump_4,jump_submit_subset,2496,0,0,0,0,0,0
alloc,0,standard,rolling_32,price_query,20000,0,0,0,0,0,0
alloc,0,standard,rolling_32,near_range8,20000,0,0,0,0,0,0
alloc,0,standard,rolling_32,index_submit,20000,0,0,0,0,90,25200
alloc,0,standard,rolling_32,index_ack,20000,0,0,0,0,90,9360
alloc,0,standard,rolling_32,cross_page_submit_subset,305,0,0,0,0,2,560
alloc,0,standard,outliers_32,price_query,20000,0,0,0,0,0,0
alloc,0,standard,outliers_32,near_range8,20000,0,0,0,0,0,0
alloc,0,standard,outliers_32,index_submit,20000,0,0,0,0,90,31064
alloc,0,standard,outliers_32,index_ack,20000,0,0,0,0,89,9256
alloc,0,standard,outliers_32,cross_page_submit_subset,305,0,0,0,0,2,560
alloc,0,standard,outliers_32,far_query,20000,0,0,0,0,0,0
alloc,0,standard,boundary_32,price_query,20000,0,0,0,0,0,0
alloc,0,standard,boundary_32,near_range8,20000,0,0,0,0,0,0
alloc,0,standard,boundary_32,index_submit,20000,0,0,0,0,313,87640
alloc,0,standard,boundary_32,index_ack,20000,0,0,0,0,371,38584
alloc,0,standard,boundary_32,cross_page_submit_subset,625,0,0,0,0,0,0
alloc,0,standard,jump_32,price_query,20000,0,0,0,0,0,0
alloc,0,standard,jump_32,near_range8,20000,0,0,0,0,0,0
alloc,0,standard,jump_32,index_submit,20000,0,0,0,0,468,131040
alloc,0,standard,jump_32,index_ack,20000,0,0,0,0,421,43784
alloc,0,standard,jump_32,cross_page_submit_subset,2652,0,0,0,0,390,109200
alloc,0,standard,jump_32,jump_submit_subset,2496,0,0,0,0,390,109200
alloc,0,standard,rolling_128,price_query,20000,0,0,0,0,0,0
alloc,0,standard,rolling_128,near_range8,20000,0,0,0,0,0,0
alloc,0,standard,rolling_128,index_submit,20000,0,0,0,0,25,25104
alloc,0,standard,rolling_128,index_ack,20000,0,0,0,0,22,2288
alloc,0,standard,rolling_128,cross_page_submit_subset,312,0,0,0,0,1,280
alloc,0,standard,outliers_128,price_query,20000,0,0,0,0,0,0
alloc,0,standard,outliers_128,near_range8,20000,0,0,0,0,0,0
alloc,0,standard,outliers_128,index_submit,20000,0,0,0,0,30,20360
alloc,0,standard,outliers_128,index_ack,20000,0,0,0,0,27,3192
alloc,0,standard,outliers_128,cross_page_submit_subset,312,0,0,0,0,0,0
alloc,0,standard,outliers_128,far_query,20000,0,0,0,0,0,0
alloc,0,standard,boundary_128,price_query,20000,0,0,0,0,0,0
alloc,0,standard,boundary_128,near_range8,20000,0,0,0,0,0,0
alloc,0,standard,boundary_128,index_submit,20000,0,0,0,0,3,18944
alloc,0,standard,boundary_128,index_ack,20000,0,0,0,0,475,50552
alloc,0,standard,boundary_128,cross_page_submit_subset,313,0,0,0,0,0,0
alloc,0,standard,jump_128,price_query,20000,0,0,0,0,0,0
alloc,0,standard,jump_128,near_range8,20000,0,0,0,0,0,0
alloc,0,standard,jump_128,index_submit,20000,0,0,0,0,423,147528
alloc,0,standard,jump_128,index_ack,20000,0,0,0,0,217,22568
alloc,0,standard,jump_128,cross_page_submit_subset,2704,0,0,0,0,410,125784
alloc,0,standard,jump_128,jump_submit_subset,2432,0,0,0,0,400,122984
alloc,0,standard,4096books_4near_2far,price_query,20000,0,0,0,0,0,0
alloc,0,standard,new_book_growth,index_insert,20000,0,0,0,0,40977,18238636
alloc,0,standard,engine_cancel_rehang_4near,cancel_to_command,20000,0,0,0,0,12,3734736
alloc,0,standard,engine_cancel_rehang_4near,new_to_command,20000,0,0,0,0,331,6766160
alloc,0,standard,engine_cancel_rehang_4near,accepted_report,20000,0,0,0,0,0,0
alloc,0,standard,engine_cancel_rehang_4near,canceled_report,20000,0,0,0,0,0,0
alloc,0,standard,engine_rolling_4_2far,price_query,20000,0,0,0,0,0,0
alloc,0,standard,engine_rolling_4_2far,intent_to_command,20000,0,0,0,0,0,0
alloc,0,standard,engine_rolling_4_2far,intent_queued,20000,0,0,0,0,1,104
alloc,0,standard,engine_rolling_4_2far,replace_report,20000,0,0,0,0,0,0
alloc,0,standard,engine_rolling_4_2far,ready_to_command,20000,0,0,0,0,0,0
alloc,0,standard,engine_jump_4_2far,price_query,20000,0,0,0,0,0,0
alloc,0,standard,engine_jump_4_2far,intent_to_command,20000,0,0,0,0,0,0
alloc,0,standard,engine_jump_4_2far,intent_queued,20000,0,0,0,0,1,104
alloc,0,standard,engine_jump_4_2far,replace_report,20000,0,0,0,0,0,0
alloc,0,standard,engine_jump_4_2far,ready_to_command,20000,0,0,0,0,0,0
alloc,0,standard,engine_jump_4_2far,jump_intent_subset,2496,0,0,0,0,0,0
alloc,0,standard,engine_rolling_32_2far,price_query,20000,0,0,0,0,0,0
alloc,0,standard,engine_rolling_32_2far,intent_to_command,20000,0,0,0,0,0,0
alloc,0,standard,engine_rolling_32_2far,intent_queued,20000,0,0,0,0,1,104
alloc,0,standard,engine_rolling_32_2far,replace_report,20000,0,0,0,0,0,0
alloc,0,standard,engine_rolling_32_2far,ready_to_command,20000,0,0,0,0,357,99960
alloc,0,standard,engine_jump_32_2far,price_query,20000,0,0,0,0,0,0
alloc,0,standard,engine_jump_32_2far,intent_to_command,20000,0,0,0,0,2,560
alloc,0,standard,engine_jump_32_2far,intent_queued,20000,0,0,0,0,1,104
alloc,0,standard,engine_jump_32_2far,replace_report,20000,0,0,0,0,2,208
alloc,0,standard,engine_jump_32_2far,ready_to_command,20000,0,0,0,0,647,181160
alloc,0,standard,engine_jump_32_2far,jump_intent_subset,2496,0,0,0,0,2,560
memory,0,standard,1books_4near_0far,resident_index_bytes,1,0,0,0,0,9,21116
capacity,0,standard,1books_4near_0far,pages_and_blocks,1,0,0,0,0,0,0
memory,0,standard,1books_4near_2far,resident_index_bytes,1,0,0,0,0,9,21116
capacity,0,standard,1books_4near_2far,pages_and_blocks,1,0,0,0,0,0,0
memory,0,standard,1books_32near_0far,resident_index_bytes,1,0,0,0,0,17,22844
capacity,0,standard,1books_32near_0far,pages_and_blocks,1,0,0,0,0,0,0
memory,0,standard,1books_32near_2far,resident_index_bytes,1,0,0,0,0,19,23228
capacity,0,standard,1books_32near_2far,pages_and_blocks,1,0,0,0,0,0,0
memory,0,standard,1books_128near_0far,resident_index_bytes,1,0,0,0,0,51,42172
capacity,0,standard,1books_128near_0far,pages_and_blocks,1,0,0,0,0,0,0
memory,0,standard,1books_128near_2far,resident_index_bytes,1,0,0,0,0,53,54972
capacity,0,standard,1books_128near_2far,pages_and_blocks,1,0,0,0,0,0,0
memory,0,standard,128books_4near_0far,resident_index_bytes,1,0,0,0,0,286,183160
capacity,0,standard,128books_4near_0far,pages_and_blocks,1,0,0,0,0,0,0
memory,0,standard,128books_4near_2far,resident_index_bytes,1,0,0,0,0,296,234616
capacity,0,standard,128books_4near_2far,pages_and_blocks,1,0,0,0,0,0,0
memory,0,standard,128books_32near_0far,resident_index_bytes,1,0,0,0,0,1428,1122936
capacity,0,standard,128books_32near_0far,pages_and_blocks,1,0,0,0,0,0,0
memory,0,standard,128books_32near_2far,resident_index_bytes,1,0,0,0,0,1694,1225336
capacity,0,standard,128books_32near_2far,pages_and_blocks,1,0,0,0,0,0,0
memory,0,standard,128books_128near_0far,resident_index_bytes,1,0,0,0,0,5912,4422264
capacity,0,standard,128books_128near_0far,pages_and_blocks,1,0,0,0,0,0,0
memory,0,standard,128books_128near_2far,resident_index_bytes,1,0,0,0,0,5922,4481656
capacity,0,standard,128books_128near_2far,pages_and_blocks,1,0,0,0,0,0,0
alloc,0,pages,rolling_4,price_query,20000,0,0,0,0,0,0
alloc,0,pages,rolling_4,near_range8,20000,0,0,0,0,0,0
alloc,0,pages,rolling_4,index_submit,20000,0,0,0,0,0,0
alloc,0,pages,rolling_4,index_ack,20000,0,0,0,0,0,0
alloc,0,pages,rolling_4,cross_page_submit_subset,314,0,0,0,0,0,0
alloc,0,pages,rolling_4,page_creation_subset,78,0,0,0,0,0,0
alloc,0,pages,outliers_4,price_query,20000,0,0,0,0,0,0
alloc,0,pages,outliers_4,near_range8,20000,0,0,0,0,0,0
alloc,0,pages,outliers_4,index_submit,20000,0,0,0,0,0,0
alloc,0,pages,outliers_4,index_ack,20000,0,0,0,0,0,0
alloc,0,pages,outliers_4,cross_page_submit_subset,314,0,0,0,0,0,0
alloc,0,pages,outliers_4,page_creation_subset,78,0,0,0,0,0,0
alloc,0,pages,outliers_4,far_query,20000,0,0,0,0,0,0
alloc,0,pages,boundary_4,price_query,20000,0,0,0,0,0,0
alloc,0,pages,boundary_4,near_range8,20000,0,0,0,0,0,0
alloc,0,pages,boundary_4,index_submit,20000,0,0,0,0,0,0
alloc,0,pages,boundary_4,index_ack,20000,0,0,0,0,0,0
alloc,0,pages,boundary_4,cross_page_submit_subset,5000,0,0,0,0,0,0
alloc,0,pages,jump_4,price_query,20000,0,0,0,0,0,0
alloc,0,pages,jump_4,near_range8,20000,0,0,0,0,0,0
alloc,0,pages,jump_4,index_submit,20000,0,0,0,0,0,0
alloc,0,pages,jump_4,index_ack,20000,0,0,0,0,0,0
alloc,0,pages,jump_4,cross_page_submit_subset,3746,0,0,0,0,0,0
alloc,0,pages,jump_4,page_creation_subset,1248,0,0,0,0,0,0
alloc,0,pages,jump_4,jump_submit_subset,2496,0,0,0,0,0,0
alloc,0,pages,rolling_32,price_query,20000,0,0,0,0,0,0
alloc,0,pages,rolling_32,near_range8,20000,0,0,0,0,0,0
alloc,0,pages,rolling_32,index_submit,20000,0,0,0,0,0,0
alloc,0,pages,rolling_32,index_ack,20000,0,0,0,0,0,0
alloc,0,pages,rolling_32,cross_page_submit_subset,305,0,0,0,0,0,0
alloc,0,pages,rolling_32,page_creation_subset,10,0,0,0,0,0,0
alloc,0,pages,outliers_32,price_query,20000,0,0,0,0,0,0
alloc,0,pages,outliers_32,near_range8,20000,0,0,0,0,0,0
alloc,0,pages,outliers_32,index_submit,20000,0,0,0,0,1,6144
alloc,0,pages,outliers_32,index_ack,20000,0,0,0,0,0,0
alloc,0,pages,outliers_32,cross_page_submit_subset,305,0,0,0,0,0,0
alloc,0,pages,outliers_32,page_creation_subset,10,0,0,0,0,0,0
alloc,0,pages,outliers_32,far_query,20000,0,0,0,0,0,0
alloc,0,pages,boundary_32,price_query,20000,0,0,0,0,0,0
alloc,0,pages,boundary_32,near_range8,20000,0,0,0,0,0,0
alloc,0,pages,boundary_32,index_submit,20000,0,0,0,0,0,0
alloc,0,pages,boundary_32,index_ack,20000,0,0,0,0,0,0
alloc,0,pages,boundary_32,cross_page_submit_subset,625,0,0,0,0,0,0
alloc,0,pages,jump_32,price_query,20000,0,0,0,0,0,0
alloc,0,pages,jump_32,near_range8,20000,0,0,0,0,0,0
alloc,0,pages,jump_32,index_submit,20000,0,0,0,0,0,0
alloc,0,pages,jump_32,index_ack,20000,0,0,0,0,0,0
alloc,0,pages,jump_32,cross_page_submit_subset,2652,0,0,0,0,0,0
alloc,0,pages,jump_32,page_creation_subset,156,0,0,0,0,0,0
alloc,0,pages,jump_32,jump_submit_subset,2496,0,0,0,0,0,0
alloc,0,pages,rolling_128,price_query,20000,0,0,0,0,0,0
alloc,0,pages,rolling_128,near_range8,20000,0,0,0,0,0,0
alloc,0,pages,rolling_128,index_submit,20000,0,0,0,0,3,18944
alloc,0,pages,rolling_128,index_ack,20000,0,0,0,0,0,0
alloc,0,pages,rolling_128,cross_page_submit_subset,312,0,0,0,0,0,0
alloc,0,pages,rolling_128,page_creation_subset,3,0,0,0,0,0,0
alloc,0,pages,outliers_128,price_query,20000,0,0,0,0,0,0
alloc,0,pages,outliers_128,near_range8,20000,0,0,0,0,0,0
alloc,0,pages,outliers_128,index_submit,20000,0,0,0,0,3,12416
alloc,0,pages,outliers_128,index_ack,20000,0,0,0,0,0,0
alloc,0,pages,outliers_128,cross_page_submit_subset,312,0,0,0,0,0,0
alloc,0,pages,outliers_128,page_creation_subset,3,0,0,0,0,0,0
alloc,0,pages,outliers_128,far_query,20000,0,0,0,0,0,0
alloc,0,pages,boundary_128,price_query,20000,0,0,0,0,0,0
alloc,0,pages,boundary_128,near_range8,20000,0,0,0,0,0,0
alloc,0,pages,boundary_128,index_submit,20000,0,0,0,0,3,18944
alloc,0,pages,boundary_128,index_ack,20000,0,0,0,0,0,0
alloc,0,pages,boundary_128,cross_page_submit_subset,313,0,0,0,0,0,0
alloc,0,pages,jump_128,price_query,20000,0,0,0,0,0,0
alloc,0,pages,jump_128,near_range8,20000,0,0,0,0,0,0
alloc,0,pages,jump_128,index_submit,20000,0,0,0,0,4,25600
alloc,0,pages,jump_128,index_ack,20000,0,0,0,0,0,0
alloc,0,pages,jump_128,cross_page_submit_subset,2704,0,0,0,0,1,6656
alloc,0,pages,jump_128,page_creation_subset,77,0,0,0,0,0,0
alloc,0,pages,jump_128,jump_submit_subset,2432,0,0,0,0,1,6656
alloc,0,pages,4096books_4near_2far,price_query,20000,0,0,0,0,0,0
alloc,0,pages,new_book_growth,index_insert,20000,0,0,0,0,41298,39729260
alloc,0,pages,new_book_growth,page_block_growth_subset,313,0,0,0,0,1917,32103356
alloc,0,pages,engine_cancel_rehang_4near,cancel_to_command,20000,0,0,0,0,12,3734736
alloc,0,pages,engine_cancel_rehang_4near,new_to_command,20000,0,0,0,0,331,6766160
alloc,0,pages,engine_cancel_rehang_4near,accepted_report,20000,0,0,0,0,0,0
alloc,0,pages,engine_cancel_rehang_4near,canceled_report,20000,0,0,0,0,0,0
alloc,0,pages,engine_rolling_4_2far,price_query,20000,0,0,0,0,0,0
alloc,0,pages,engine_rolling_4_2far,intent_to_command,20000,0,0,0,0,0,0
alloc,0,pages,engine_rolling_4_2far,intent_queued,20000,0,0,0,0,1,104
alloc,0,pages,engine_rolling_4_2far,replace_report,20000,0,0,0,0,0,0
alloc,0,pages,engine_rolling_4_2far,ready_to_command,20000,0,0,0,0,0,0
alloc,0,pages,engine_jump_4_2far,price_query,20000,0,0,0,0,0,0
alloc,0,pages,engine_jump_4_2far,intent_to_command,20000,0,0,0,0,0,0
alloc,0,pages,engine_jump_4_2far,intent_queued,20000,0,0,0,0,1,104
alloc,0,pages,engine_jump_4_2far,replace_report,20000,0,0,0,0,0,0
alloc,0,pages,engine_jump_4_2far,ready_to_command,20000,0,0,0,0,0,0
alloc,0,pages,engine_jump_4_2far,jump_intent_subset,2496,0,0,0,0,0,0
alloc,0,pages,engine_rolling_32_2far,price_query,20000,0,0,0,0,0,0
alloc,0,pages,engine_rolling_32_2far,intent_to_command,20000,0,0,0,0,0,0
alloc,0,pages,engine_rolling_32_2far,intent_queued,20000,0,0,0,0,1,104
alloc,0,pages,engine_rolling_32_2far,replace_report,20000,0,0,0,0,0,0
alloc,0,pages,engine_rolling_32_2far,ready_to_command,20000,0,0,0,0,0,0
alloc,0,pages,engine_jump_32_2far,price_query,20000,0,0,0,0,0,0
alloc,0,pages,engine_jump_32_2far,intent_to_command,20000,0,0,0,0,0,0
alloc,0,pages,engine_jump_32_2far,intent_queued,20000,0,0,0,0,1,104
alloc,0,pages,engine_jump_32_2far,replace_report,20000,0,0,0,0,0,0
alloc,0,pages,engine_jump_32_2far,ready_to_command,20000,0,0,0,0,0,0
alloc,0,pages,engine_jump_32_2far,jump_intent_subset,2496,0,0,0,0,0,0
memory,0,pages,1books_4near_0far,resident_index_bytes,1,0,0,0,0,11,89788
capacity,0,pages,1books_4near_0far,pages_and_blocks,1,0,0,0,0,2,1
memory,0,pages,1books_4near_2far,resident_index_bytes,1,0,0,0,0,11,89788
capacity,0,pages,1books_4near_2far,pages_and_blocks,1,0,0,0,0,4,1
memory,0,pages,1books_32near_0far,resident_index_bytes,1,0,0,0,0,11,89788
capacity,0,pages,1books_32near_0far,pages_and_blocks,1,0,0,0,0,2,1
memory,0,pages,1books_32near_2far,resident_index_bytes,1,0,0,0,0,11,89788
capacity,0,pages,1books_32near_2far,pages_and_blocks,1,0,0,0,0,4,1
memory,0,pages,1books_128near_0far,resident_index_bytes,1,0,0,0,0,13,102588
capacity,0,pages,1books_128near_0far,pages_and_blocks,1,0,0,0,0,3,1
memory,0,pages,1books_128near_2far,resident_index_bytes,1,0,0,0,0,15,115388
capacity,0,pages,1books_128near_2far,pages_and_blocks,1,0,0,0,0,5,1
memory,0,pages,128books_4near_0far,resident_index_bytes,1,0,0,0,0,291,457656
capacity,0,pages,128books_4near_0far,pages_and_blocks,1,0,0,0,0,256,4
memory,0,pages,128books_4near_2far,resident_index_bytes,1,0,0,0,0,306,783608
capacity,0,pages,128books_4near_2far,pages_and_blocks,1,0,0,0,0,512,8
memory,0,pages,128books_32near_0far,resident_index_bytes,1,0,0,0,0,409,1176248
capacity,0,pages,128books_32near_0far,pages_and_blocks,1,0,0,0,0,256,4
memory,0,pages,128books_32near_2far,resident_index_bytes,1,0,0,0,0,424,1503992
capacity,0,pages,128books_32near_2far,pages_and_blocks,1,0,0,0,0,512,8
memory,0,pages,128books_128near_0far,resident_index_bytes,1,0,0,0,0,800,3777272
capacity,0,pages,128books_128near_0far,pages_and_blocks,1,0,0,0,0,384,6
memory,0,pages,128books_128near_2far,resident_index_bytes,1,0,0,0,0,815,4111224
capacity,0,pages,128books_128near_2far,pages_and_blocks,1,0,0,0,0,640,10
time,0,timer,baseline,timer,20000,0,42,42,250,0,0
