pass,round,backend,scenario,metric,n,p50_ns,p99_ns,p999_ns,max_ns,allocations,allocated_bytes
alloc,0,standard,locator_4,mixed_exact,20000,0,0,0,0,0,0
alloc,0,standard,locator_4,existing_price_assign,20000,0,0,0,0,0,0
alloc,0,standard,locator_4,range_up_to_8,20000,0,0,0,0,0,0
alloc,0,standard,locator_4,remove_best_and_find_next,20000,0,0,0,0,0,0
alloc,0,standard,locator_4,reinsert_best,20000,0,0,0,0,0,0
alloc,0,standard,locator_32,mixed_exact,20000,0,0,0,0,0,0
alloc,0,standard,locator_32,existing_price_assign,20000,0,0,0,0,0,0
alloc,0,standard,locator_32,range_up_to_8,20000,0,0,0,0,0,0
alloc,0,standard,locator_32,remove_best_and_find_next,20000,0,0,0,0,0,0
alloc,0,standard,locator_32,reinsert_best,20000,0,0,0,0,0,0
alloc,0,standard,locator_128,mixed_exact,20000,0,0,0,0,0,0
alloc,0,standard,locator_128,existing_price_assign,20000,0,0,0,0,0,0
alloc,0,standard,locator_128,range_up_to_8,20000,0,0,0,0,0,0
alloc,0,standard,locator_128,remove_best_and_find_next,20000,0,0,0,0,0,0
alloc,0,standard,locator_128,reinsert_best,20000,0,0,0,0,0,0
alloc,0,standard,locator_1024,mixed_exact,20000,0,0,0,0,0,0
alloc,0,standard,locator_1024,existing_price_assign,20000,0,0,0,0,0,0
alloc,0,standard,locator_1024,range_up_to_8,20000,0,0,0,0,0,0
alloc,0,standard,locator_1024,remove_best_and_find_next,20000,0,0,0,0,0,0
alloc,0,standard,locator_1024,reinsert_best,20000,0,0,0,0,0,0
alloc,0,standard,sparse_growth,new_price,20000,0,0,0,0,2681,706520
alloc,0,standard,sparse_growth,remove_best_and_find_next,20000,0,0,0,0,0,0
alloc,0,pages,locator_4,mixed_exact,20000,0,0,0,0,0,0
alloc,0,pages,locator_4,existing_price_assign,20000,0,0,0,0,0,0
alloc,0,pages,locator_4,range_up_to_8,20000,0,0,0,0,0,0
alloc,0,pages,locator_4,remove_best_and_find_next,20000,0,0,0,0,0,0
alloc,0,pages,locator_4,reinsert_best,20000,0,0,0,0,0,0
alloc,0,pages,locator_32,mixed_exact,20000,0,0,0,0,0,0
alloc,0,pages,locator_32,existing_price_assign,20000,0,0,0,0,0,0
alloc,0,pages,locator_32,range_up_to_8,20000,0,0,0,0,0,0
alloc,0,pages,locator_32,remove_best_and_find_next,20000,0,0,0,0,0,0
alloc,0,pages,locator_32,reinsert_best,20000,0,0,0,0,0,0
alloc,0,pages,locator_128,mixed_exact,20000,0,0,0,0,0,0
alloc,0,pages,locator_128,existing_price_assign,20000,0,0,0,0,0,0
alloc,0,pages,locator_128,range_up_to_8,20000,0,0,0,0,0,0
alloc,0,pages,locator_128,remove_best_and_find_next,20000,0,0,0,0,0,0
alloc,0,pages,locator_128,reinsert_best,20000,0,0,0,0,0,0
alloc,0,pages,locator_1024,mixed_exact,20000,0,0,0,0,0,0
alloc,0,pages,locator_1024,existing_price_assign,20000,0,0,0,0,0,0
alloc,0,pages,locator_1024,range_up_to_8,20000,0,0,0,0,0,0
alloc,0,pages,locator_1024,remove_best_and_find_next,20000,0,0,0,0,0,0
alloc,0,pages,locator_1024,reinsert_best,20000,0,0,0,0,0,0
alloc,0,pages,sparse_growth,new_price,20000,0,0,0,0,3004,22028752
alloc,0,pages,sparse_growth,remove_best_and_find_next,20000,0,0,0,0,0,0
alloc,0,hash_ordered,locator_4,mixed_exact,20000,0,0,0,0,0,0
alloc,0,hash_ordered,locator_4,existing_price_assign,20000,0,0,0,0,0,0
alloc,0,hash_ordered,locator_4,range_up_to_8,20000,0,0,0,0,0,0
alloc,0,hash_ordered,locator_4,remove_best_and_find_next,20000,0,0,0,0,0,0
alloc,0,hash_ordered,locator_4,reinsert_best,20000,0,0,0,0,0,0
alloc,0,hash_ordered,locator_32,mixed_exact,20000,0,0,0,0,0,0
alloc,0,hash_ordered,locator_32,existing_price_assign,20000,0,0,0,0,0,0
alloc,0,hash_ordered,locator_32,range_up_to_8,20000,0,0,0,0,0,0
alloc,0,hash_ordered,locator_32,remove_best_and_find_next,20000,0,0,0,0,0,0
alloc,0,hash_ordered,locator_32,reinsert_best,20000,0,0,0,0,0,0
alloc,0,hash_ordered,locator_128,mixed_exact,20000,0,0,0,0,0,0
alloc,0,hash_ordered,locator_128,existing_price_assign,20000,0,0,0,0,0,0
alloc,0,hash_ordered,locator_128,range_up_to_8,20000,0,0,0,0,0,0
alloc,0,hash_ordered,locator_128,remove_best_and_find_next,20000,0,0,0,0,0,0
alloc,0,hash_ordered,locator_128,reinsert_best,20000,0,0,0,0,0,0
alloc,0,hash_ordered,locator_1024,mixed_exact,20000,0,0,0,0,0,0
alloc,0,hash_ordered,locator_1024,existing_price_assign,20000,0,0,0,0,0,0
alloc,0,hash_ordered,locator_1024,range_up_to_8,20000,0,0,0,0,0,0
alloc,0,hash_ordered,locator_1024,remove_best_and_find_next,20000,0,0,0,0,0,0
alloc,0,hash_ordered,locator_1024,reinsert_best,20000,0,0,0,0,0,0
alloc,0,hash_ordered,sparse_growth,new_price,20000,0,0,0,0,2696,2344760
alloc,0,hash_ordered,sparse_growth,remove_best_and_find_next,20000,0,0,0,0,0,0
