pass,round,backend,scenario,metric,n,p50_ns,p99_ns,p999_ns,max_ns,allocations,allocated_bytes,workload
time,0,standard,single_4,price_query_batch64,2000,250,292,375,625,0,0,oms
time,0,standard,single_4,price_query,20000,41,125,125,250,0,0,oms
time,0,standard,single_4,intent_to_command,20000,208,1041,1333,11917,0,0,oms
time,0,standard,single_4,queued_intent,20000,83,875,1250,11375,0,0,oms
time,0,standard,single_4,coalesced_intent,20000,83,875,1208,11917,0,0,oms
time,0,standard,single_4,guarded_report_visible,20000,125,1250,2084,11625,0,0,oms
time,0,standard,single_4,report_transport_duplicate,20000,42,125,167,292,0,0,oms
time,0,standard,single_4,ready_to_command,20000,209,292,1292,16750,0,0,oms
time,0,standard,single_32,price_query_batch64,2000,417,459,500,1708,0,0,oms
time,0,standard,single_32,price_query,20000,42,125,125,3584,0,0,oms
time,0,standard,single_32,intent_to_command,20000,250,292,375,3541,0,0,oms
time,0,standard,single_32,queued_intent,20000,83,125,167,916,0,0,oms
time,0,standard,single_32,coalesced_intent,20000,83,84,167,792,0,0,oms
time,0,standard,single_32,guarded_report_visible,20000,167,1042,1333,12250,0,0,oms
time,0,standard,single_32,report_transport_duplicate,20000,42,125,167,292,0,0,oms
time,0,standard,single_32,ready_to_command,20000,250,292,334,5542,0,0,oms
time,0,standard,single_128,price_query_batch64,2000,542,542,917,2042,0,0,oms
time,0,standard,single_128,price_query,20000,42,125,125,375,0,0,oms
time,0,standard,single_128,intent_to_command,20000,250,333,375,1958,0,0,oms
time,0,standard,single_128,queued_intent,20000,83,125,167,250,0,0,oms
time,0,standard,single_128,coalesced_intent,20000,83,84,166,250,0,0,oms
time,0,standard,single_128,guarded_report_visible,20000,167,250,334,1084,0,0,oms
time,0,standard,single_128,report_transport_duplicate,20000,42,125,167,334,0,0,oms
time,0,standard,single_128,ready_to_command,20000,250,333,375,500,0,0,oms
time,0,standard,single_1024,price_query_batch64,2000,542,584,959,2167,0,0,oms
time,0,standard,single_1024,price_query,20000,42,125,167,292,0,0,oms
time,0,standard,single_1024,intent_to_command,20000,292,416,1375,31958,0,0,oms
time,0,standard,single_1024,queued_intent,20000,83,125,1083,1625,0,0,oms
time,0,standard,single_1024,coalesced_intent,20000,83,125,1083,14709,0,0,oms
time,0,standard,single_1024,guarded_report_visible,20000,208,375,1333,8792,0,0,oms
time,0,standard,single_1024,report_transport_duplicate,20000,42,125,167,292,0,0,oms
time,0,standard,single_1024,ready_to_command,20000,291,417,1375,9542,0,0,oms
time,0,standard,fills,guarded_fill,20000,83,708,1208,15416,0,0,oms
time,0,standard,fills,fill_business_duplicate,20000,83,125,209,625,0,0,oms
time,0,standard,fills,fill_transport_duplicate,20000,42,125,209,334,0,0,oms
time,0,standard,baseline,timer,20000,0,42,42,250,0,0,oms
time,0,standard,locator_4,mixed_exact,20000,41,42,83,125,0,0,locator
time,0,standard,locator_4,existing_price_assign,20000,41,42,42,84,0,0,locator
time,0,standard,locator_4,range_up_to_8,20000,41,42,42,83,0,0,locator
time,0,standard,locator_4,remove_best_and_find_next,20000,83,84,125,16750,0,0,locator
time,0,standard,locator_4,reinsert_best,20000,42,42,83,4000,0,0,locator
time,0,standard,locator_32,mixed_exact,20000,41,42,83,167,0,0,locator
time,0,standard,locator_32,existing_price_assign,20000,42,84,84,166,0,0,locator
time,0,standard,locator_32,range_up_to_8,20000,41,42,84,250,0,0,locator
time,0,standard,locator_32,remove_best_and_find_next,20000,42,84,84,833,0,0,locator
time,0,standard,locator_32,reinsert_best,20000,42,83,84,542,0,0,locator
time,0,standard,locator_128,mixed_exact,20000,0,42,42,125,0,0,locator
time,0,standard,locator_128,existing_price_assign,20000,0,42,83,167,0,0,locator
time,0,standard,locator_128,range_up_to_8,20000,0,42,83,167,0,0,locator
time,0,standard,locator_128,remove_best_and_find_next,20000,41,42,42,208,0,0,locator
time,0,standard,locator_128,reinsert_best,20000,0,42,42,125,0,0,locator
time,0,standard,locator_1024,mixed_exact,20000,41,42,42,167,0,0,locator
time,0,standard,locator_1024,existing_price_assign,20000,42,84,84,208,0,0,locator
time,0,standard,locator_1024,range_up_to_8,20000,41,42,83,167,0,0,locator
time,0,standard,locator_1024,remove_best_and_find_next,20000,42,42,42,417,0,0,locator
time,0,standard,locator_1024,reinsert_best,20000,0,42,42,167,0,0,locator
time,0,standard,sparse_growth,new_price,20000,42,125,1042,3833,0,0,locator
time,0,standard,sparse_growth,remove_best_and_find_next,20000,83,125,208,833,0,0,locator
time,0,pages,single_4,price_query_batch64,2000,333,334,375,583,0,0,oms
time,0,pages,single_4,price_query,20000,41,125,125,292,0,0,oms
time,0,pages,single_4,intent_to_command,20000,208,959,1334,7125,0,0,oms
time,0,pages,single_4,queued_intent,20000,83,792,1167,8334,0,0,oms
time,0,pages,single_4,coalesced_intent,20000,83,791,1125,4833,0,0,oms
time,0,pages,single_4,guarded_report_visible,20000,125,1208,2166,14416,0,0,oms
time,0,pages,single_4,report_transport_duplicate,20000,42,125,167,333,0,0,oms
time,0,pages,single_4,ready_to_command,20000,209,292,1292,15875,0,0,oms
time,0,pages,single_32,price_query_batch64,2000,333,375,375,958,0,0,oms
time,0,pages,single_32,price_query,20000,42,125,125,3791,0,0,oms
time,0,pages,single_32,intent_to_command,20000,208,292,334,4417,0,0,oms
time,0,pages,single_32,queued_intent,20000,83,125,208,1000,0,0,oms
time,0,pages,single_32,coalesced_intent,20000,83,84,167,1083,0,0,oms
time,0,pages,single_32,guarded_report_visible,20000,125,1041,1333,11542,0,0,oms
time,0,pages,single_32,report_transport_duplicate,20000,42,125,208,292,0,0,oms
time,0,pages,single_32,ready_to_command,20000,209,250,292,4208,0,0,oms
time,0,pages,single_128,price_query_batch64,2000,375,458,500,1208,0,0,oms
time,0,pages,single_128,price_query,20000,42,125,125,1666,0,0,oms
time,0,pages,single_128,intent_to_command,20000,208,333,375,2458,0,0,oms
time,0,pages,single_128,queued_intent,20000,83,125,208,375,0,0,oms
time,0,pages,single_128,coalesced_intent,20000,83,84,167,1750,0,0,oms
time,0,pages,single_128,guarded_report_visible,20000,125,583,875,4166,0,0,oms
time,0,pages,single_128,report_transport_duplicate,20000,42,125,167,333,0,0,oms
time,0,pages,single_128,ready_to_command,20000,209,291,334,12334,0,0,oms
time,0,pages,single_1024,price_query_batch64,2000,416,417,625,2833,0,0,oms
time,0,pages,single_1024,price_query,20000,42,125,166,209,0,0,oms
time,0,pages,single_1024,intent_to_command,20000,209,375,1250,12916,0,0,oms
time,0,pages,single_1024,queued_intent,20000,83,125,1125,12458,0,0,oms
time,0,pages,single_1024,coalesced_intent,20000,83,84,1083,10667,0,0,oms
time,0,pages,single_1024,guarded_report_visible,20000,125,292,1208,8375,0,0,oms
time,0,pages,single_1024,report_transport_duplicate,20000,42,125,167,292,0,0,oms
time,0,pages,single_1024,ready_to_command,20000,250,292,1333,4750,0,0,oms
time,0,pages,fills,guarded_fill,20000,83,667,1042,8917,0,0,oms
time,0,pages,fills,fill_business_duplicate,20000,83,166,209,625,0,0,oms
time,0,pages,fills,fill_transport_duplicate,20000,42,125,208,292,0,0,oms
time,0,pages,baseline,timer,20000,0,42,42,167,0,0,oms
time,0,pages,locator_4,mixed_exact,20000,0,42,42,83,0,0,locator
time,0,pages,locator_4,existing_price_assign,20000,0,42,42,83,0,0,locator
time,0,pages,locator_4,range_up_to_8,20000,0,42,42,84,0,0,locator
time,0,pages,locator_4,remove_best_and_find_next,20000,0,42,42,250,0,0,locator
time,0,pages,locator_4,reinsert_best,20000,0,42,42,208,0,0,locator
time,0,pages,locator_32,mixed_exact,20000,0,42,42,83,0,0,locator
time,0,pages,locator_32,existing_price_assign,20000,0,42,42,125,0,0,locator
time,0,pages,locator_32,range_up_to_8,20000,0,42,42,83,0,0,locator
time,0,pages,locator_32,remove_best_and_find_next,20000,0,42,42,84,0,0,locator
time,0,pages,locator_32,reinsert_best,20000,0,42,42,83,0,0,locator
time,0,pages,locator_128,mixed_exact,20000,0,42,42,84,0,0,locator
time,0,pages,locator_128,existing_price_assign,20000,0,42,42,1833,0,0,locator
time,0,pages,locator_128,range_up_to_8,20000,0,42,42,42,0,0,locator
time,0,pages,locator_128,remove_best_and_find_next,20000,0,42,42,84,0,0,locator
time,0,pages,locator_128,reinsert_best,20000,0,42,42,167,0,0,locator
time,0,pages,locator_1024,mixed_exact,20000,0,42,42,167,0,0,locator
time,0,pages,locator_1024,existing_price_assign,20000,0,42,42,209,0,0,locator
time,0,pages,locator_1024,range_up_to_8,20000,0,42,42,125,0,0,locator
time,0,pages,locator_1024,remove_best_and_find_next,20000,0,42,42,125,0,0,locator
time,0,pages,locator_1024,reinsert_best,20000,0,42,42,208,0,0,locator
time,0,pages,sparse_growth,new_price,20000,125,4833,6167,17250,0,0,locator
time,0,pages,sparse_growth,remove_best_and_find_next,20000,125,458,708,7625,0,0,locator
time,0,hash_ordered,single_4,price_query_batch64,2000,292,375,584,3709,0,0,oms
time,0,hash_ordered,single_4,price_query,20000,41,125,125,292,0,0,oms
time,0,hash_ordered,single_4,intent_to_command,20000,208,1042,1458,11334,0,0,oms
time,0,hash_ordered,single_4,queued_intent,20000,83,834,1292,13083,0,0,oms
time,0,hash_ordered,single_4,coalesced_intent,20000,83,875,1292,10750,0,0,oms
time,0,hash_ordered,single_4,guarded_report_visible,20000,166,1125,1959,17583,0,0,oms
time,0,hash_ordered,single_4,report_transport_duplicate,20000,42,125,167,334,0,0,oms
time,0,hash_ordered,single_4,ready_to_command,20000,250,292,1250,8917,0,0,oms
time,0,hash_ordered,single_32,price_query_batch64,2000,292,292,334,416,0,0,oms
time,0,hash_ordered,single_32,price_query,20000,42,125,125,333,0,0,oms
time,0,hash_ordered,single_32,intent_to_command,20000,250,292,375,1708,0,0,oms
time,0,hash_ordered,single_32,queued_intent,20000,83,125,208,3125,0,0,oms
time,0,hash_ordered,single_32,coalesced_intent,20000,42,84,167,3542,0,0,oms
time,0,hash_ordered,single_32,guarded_report_visible,20000,167,1000,1292,12125,0,0,oms
time,0,hash_ordered,single_32,report_transport_duplicate,20000,42,125,167,292,0,0,oms
time,0,hash_ordered,single_32,ready_to_command,20000,250,375,375,1375,0,0,oms
time,0,hash_ordered,single_128,price_query_batch64,2000,333,334,334,709,0,0,oms
time,0,hash_ordered,single_128,price_query,20000,42,125,125,15625,0,0,oms
time,0,hash_ordered,single_128,intent_to_command,20000,291,334,417,2958,0,0,oms
time,0,hash_ordered,single_128,queued_intent,20000,83,125,167,4042,0,0,oms
time,0,hash_ordered,single_128,coalesced_intent,20000,42,84,125,292,0,0,oms
time,0,hash_ordered,single_128,guarded_report_visible,20000,208,292,792,3250,0,0,oms
time,0,hash_ordered,single_128,report_transport_duplicate,20000,42,125,167,250,0,0,oms
time,0,hash_ordered,single_128,ready_to_command,20000,291,375,458,2500,0,0,oms
time,0,hash_ordered,single_1024,price_query_batch64,2000,292,292,334,500,0,0,oms
time,0,hash_ordered,single_1024,price_query,20000,42,125,125,333,0,0,oms
time,0,hash_ordered,single_1024,intent_to_command,20000,291,417,1375,32166,0,0,oms
time,0,hash_ordered,single_1024,queued_intent,20000,83,125,1083,19792,0,0,oms
time,0,hash_ordered,single_1024,coalesced_intent,20000,83,125,1083,16750,0,0,oms
time,0,hash_ordered,single_1024,guarded_report_visible,20000,208,375,1333,17750,0,0,oms
time,0,hash_ordered,single_1024,report_transport_duplicate,20000,42,125,167,250,0,0,oms
time,0,hash_ordered,single_1024,ready_to_command,20000,291,417,1333,17875,0,0,oms
time,0,hash_ordered,fills,guarded_fill,20000,83,792,1125,15042,0,0,oms
time,0,hash_ordered,fills,fill_business_duplicate,20000,83,541,750,3959,0,0,oms
time,0,hash_ordered,fills,fill_transport_duplicate,20000,42,125,209,292,0,0,oms
time,0,hash_ordered,baseline,timer,20000,0,42,42,125,0,0,oms
time,0,hash_ordered,locator_4,mixed_exact,20000,0,42,42,83,0,0,locator
time,0,hash_ordered,locator_4,existing_price_assign,20000,0,42,42,83,0,0,locator
time,0,hash_ordered,locator_4,range_up_to_8,20000,0,42,42,167,0,0,locator
time,0,hash_ordered,locator_4,remove_best_and_find_next,20000,0,42,42,1000,0,0,locator
time,0,hash_ordered,locator_4,reinsert_best,20000,0,42,42,166,0,0,locator
time,0,hash_ordered,locator_32,mixed_exact,20000,0,42,42,125,0,0,locator
time,0,hash_ordered,locator_32,existing_price_assign,20000,0,42,42,209,0,0,locator
time,0,hash_ordered,locator_32,range_up_to_8,20000,0,42,42,208,0,0,locator
time,0,hash_ordered,locator_32,remove_best_and_find_next,20000,41,42,42,250,0,0,locator
time,0,hash_ordered,locator_32,reinsert_best,20000,0,42,42,208,0,0,locator
time,0,hash_ordered,locator_128,mixed_exact,20000,0,42,42,84,0,0,locator
time,0,hash_ordered,locator_128,existing_price_assign,20000,0,42,42,84,0,0,locator
time,0,hash_ordered,locator_128,range_up_to_8,20000,0,42,42,84,0,0,locator
time,0,hash_ordered,locator_128,remove_best_and_find_next,20000,41,42,42,292,0,0,locator
time,0,hash_ordered,locator_128,reinsert_best,20000,0,42,42,83,0,0,locator
time,0,hash_ordered,locator_1024,mixed_exact,20000,0,42,42,208,0,0,locator
time,0,hash_ordered,locator_1024,existing_price_assign,20000,41,83,84,208,0,0,locator
time,0,hash_ordered,locator_1024,range_up_to_8,20000,0,42,83,167,0,0,locator
time,0,hash_ordered,locator_1024,remove_best_and_find_next,20000,42,42,83,250,0,0,locator
time,0,hash_ordered,locator_1024,reinsert_best,20000,41,42,42,167,0,0,locator
time,0,hash_ordered,sparse_growth,new_price,20000,83,125,1250,96584,0,0,locator
time,0,hash_ordered,sparse_growth,remove_best_and_find_next,20000,83,125,208,375,0,0,locator
time,1,standard,single_4,price_query_batch64,2000,250,292,375,459,0,0,oms
time,1,standard,single_4,price_query,20000,41,125,125,292,0,0,oms
time,1,standard,single_4,intent_to_command,20000,208,916,1250,13125,0,0,oms
time,1,standard,single_4,queued_intent,20000,83,791,1042,12750,0,0,oms
time,1,standard,single_4,coalesced_intent,20000,83,750,1042,7292,0,0,oms
time,1,standard,single_4,guarded_report_visible,20000,125,1125,1958,11125,0,0,oms
time,1,standard,single_4,report_transport_duplicate,20000,42,125,167,375,0,0,oms
time,1,standard,single_4,ready_to_command,20000,209,292,1125,1792,0,0,oms
time,1,standard,single_32,price_query_batch64,2000,458,459,584,1417,0,0,oms
time,1,standard,single_32,price_query,20000,41,125,125,2833,0,0,oms
time,1,standard,single_32,intent_to_command,20000,250,292,375,3125,0,0,oms
time,1,standard,single_32,queued_intent,20000,83,125,167,833,0,0,oms
time,1,standard,single_32,coalesced_intent,20000,83,84,167,667,0,0,oms
time,1,standard,single_32,guarded_report_visible,20000,167,1000,1334,12000,0,0,oms
time,1,standard,single_32,report_transport_duplicate,20000,42,125,167,292,0,0,oms
time,1,standard,single_32,ready_to_command,20000,250,292,375,3875,0,0,oms
time,1,standard,single_128,price_query_batch64,2000,542,584,792,2042,0,0,oms
time,1,standard,single_128,price_query,20000,42,125,125,333,0,0,oms
time,1,standard,single_128,intent_to_command,20000,250,292,375,1917,0,0,oms
time,1,standard,single_128,queued_intent,20000,83,125,167,1833,0,0,oms
time,1,standard,single_128,coalesced_intent,20000,83,84,166,250,0,0,oms
time,1,standard,single_128,guarded_report_visible,20000,167,250,416,1667,0,0,oms
time,1,standard,single_128,report_transport_duplicate,20000,42,125,167,416,0,0,oms
time,1,standard,single_128,ready_to_command,20000,250,333,375,3292,0,0,oms
time,1,standard,single_1024,price_query_batch64,2000,542,584,792,2166,0,0,oms
time,1,standard,single_1024,price_query,20000,42,125,167,292,0,0,oms
time,1,standard,single_1024,intent_to_command,20000,291,375,1333,31458,0,0,oms
time,1,standard,single_1024,queued_intent,20000,83,125,1083,1958,0,0,oms
time,1,standard,single_1024,coalesced_intent,20000,83,125,1042,4000,0,0,oms
time,1,standard,single_1024,guarded_report_visible,20000,208,334,1250,9208,0,0,oms
time,1,standard,single_1024,report_transport_duplicate,20000,42,125,167,292,0,0,oms
time,1,standard,single_1024,ready_to_command,20000,291,417,1292,12791,0,0,oms
time,1,standard,fills,guarded_fill,20000,83,667,1000,14875,0,0,oms
time,1,standard,fills,fill_business_duplicate,20000,83,125,209,541,0,0,oms
time,1,standard,fills,fill_transport_duplicate,20000,42,125,209,1709,0,0,oms
time,1,standard,baseline,timer,20000,0,42,42,83,0,0,oms
time,1,standard,locator_4,mixed_exact,20000,0,42,42,83,0,0,locator
time,1,standard,locator_4,existing_price_assign,20000,0,42,42,42,0,0,locator
time,1,standard,locator_4,range_up_to_8,20000,0,42,42,84,0,0,locator
time,1,standard,locator_4,remove_best_and_find_next,20000,0,42,42,1625,0,0,locator
time,1,standard,locator_4,reinsert_best,20000,0,42,42,125,0,0,locator
time,1,standard,locator_32,mixed_exact,20000,0,42,42,84,0,0,locator
time,1,standard,locator_32,existing_price_assign,20000,0,42,42,166,0,0,locator
time,1,standard,locator_32,range_up_to_8,20000,0,42,42,125,0,0,locator
time,1,standard,locator_32,remove_best_and_find_next,20000,41,42,42,250,0,0,locator
time,1,standard,locator_32,reinsert_best,20000,0,42,42,84,0,0,locator
time,1,standard,locator_128,mixed_exact,20000,0,42,42,83,0,0,locator
time,1,standard,locator_128,existing_price_assign,20000,0,42,42,125,0,0,locator
time,1,standard,locator_128,range_up_to_8,20000,0,42,42,125,0,0,locator
time,1,standard,locator_128,remove_best_and_find_next,20000,41,42,42,167,0,0,locator
time,1,standard,locator_128,reinsert_best,20000,0,42,42,125,0,0,locator
time,1,standard,locator_1024,mixed_exact,20000,41,42,42,167,0,0,locator
time,1,standard,locator_1024,existing_price_assign,20000,42,84,84,209,0,0,locator
time,1,standard,locator_1024,range_up_to_8,20000,41,42,84,250,0,0,locator
time,1,standard,locator_1024,remove_best_and_find_next,20000,42,42,42,250,0,0,locator
time,1,standard,locator_1024,reinsert_best,20000,0,42,42,125,0,0,locator
time,1,standard,sparse_growth,new_price,20000,83,125,1000,1583,0,0,locator
time,1,standard,sparse_growth,remove_best_and_find_next,20000,83,125,167,458,0,0,locator
time,1,hash_ordered,single_4,price_query_batch64,2000,292,334,334,667,0,0,oms
time,1,hash_ordered,single_4,price_query,20000,41,125,125,292,0,0,oms
time,1,hash_ordered,single_4,intent_to_command,20000,208,917,1292,13417,0,0,oms
time,1,hash_ordered,single_4,queued_intent,20000,83,792,1167,7875,0,0,oms
time,1,hash_ordered,single_4,coalesced_intent,20000,83,792,1084,6750,0,0,oms
time,1,hash_ordered,single_4,guarded_report_visible,20000,166,1166,1958,15250,0,0,oms
time,1,hash_ordered,single_4,report_transport_duplicate,20000,42,125,167,333,0,0,oms
time,1,hash_ordered,single_4,ready_to_command,20000,209,292,1125,15458,0,0,oms
time,1,hash_ordered,single_32,price_query_batch64,2000,292,334,375,500,0,0,oms
time,1,hash_ordered,single_32,price_query,20000,42,125,125,333,0,0,oms
time,1,hash_ordered,single_32,intent_to_command,20000,250,333,417,4000,0,0,oms
time,1,hash_ordered,single_32,queued_intent,20000,83,125,167,7084,0,0,oms
time,1,hash_ordered,single_32,coalesced_intent,20000,83,84,167,7125,0,0,oms
time,1,hash_ordered,single_32,guarded_report_visible,20000,167,1084,1500,11834,0,0,oms
time,1,hash_ordered,single_32,report_transport_duplicate,20000,42,125,167,250,0,0,oms
time,1,hash_ordered,single_32,ready_to_command,20000,250,334,417,1584,0,0,oms
time,1,hash_ordered,single_128,price_query_batch64,2000,292,334,417,3084,0,0,oms
time,1,hash_ordered,single_128,price_query,20000,42,125,125,250,0,0,oms
time,1,hash_ordered,single_128,intent_to_command,20000,291,334,584,2667,0,0,oms
time,1,hash_ordered,single_128,queued_intent,20000,83,125,167,334,0,0,oms
time,1,hash_ordered,single_128,coalesced_intent,20000,83,84,125,292,0,0,oms
time,1,hash_ordered,single_128,guarded_report_visible,20000,208,292,375,1084,0,0,oms
time,1,hash_ordered,single_128,report_transport_duplicate,20000,42,125,167,333,0,0,oms
time,1,hash_ordered,single_128,ready_to_command,20000,292,375,416,5333,0,0,oms
time,1,hash_ordered,single_1024,price_query_batch64,2000,292,334,375,584,0,0,oms
time,1,hash_ordered,single_1024,price_query,20000,42,125,125,250,0,0,oms
time,1,hash_ordered,single_1024,intent_to_command,20000,291,417,1333,6125,0,0,oms
time,1,hash_ordered,single_1024,queued_intent,20000,83,125,1083,14833,0,0,oms
time,1,hash_ordered,single_1024,coalesced_intent,20000,83,125,1083,25916,0,0,oms
time,1,hash_ordered,single_1024,guarded_report_visible,20000,208,375,1333,19500,0,0,oms
time,1,hash_ordered,single_1024,report_transport_duplicate,20000,42,125,167,11375,0,0,oms
time,1,hash_ordered,single_1024,ready_to_command,20000,291,417,1333,6000,0,0,oms
time,1,hash_ordered,fills,guarded_fill,20000,83,625,958,13583,0,0,oms
time,1,hash_ordered,fills,fill_business_duplicate,20000,83,166,209,458,0,0,oms
time,1,hash_ordered,fills,fill_transport_duplicate,20000,42,125,209,334,0,0,oms
time,1,hash_ordered,baseline,timer,20000,0,42,42,84,0,0,oms
time,1,hash_ordered,locator_4,mixed_exact,20000,0,42,42,83,0,0,locator
time,1,hash_ordered,locator_4,existing_price_assign,20000,0,42,42,84,0,0,locator
time,1,hash_ordered,locator_4,range_up_to_8,20000,0,42,42,84,0,0,locator
time,1,hash_ordered,locator_4,remove_best_and_find_next,20000,0,42,42,917,0,0,locator
time,1,hash_ordered,locator_4,reinsert_best,20000,0,42,42,167,0,0,locator
time,1,hash_ordered,locator_32,mixed_exact,20000,0,42,42,84,0,0,locator
time,1,hash_ordered,locator_32,existing_price_assign,20000,0,42,42,125,0,0,locator
time,1,hash_ordered,locator_32,range_up_to_8,20000,0,42,42,84,0,0,locator
time,1,hash_ordered,locator_32,remove_best_and_find_next,20000,41,42,42,292,0,0,locator
time,1,hash_ordered,locator_32,reinsert_best,20000,0,42,42,167,0,0,locator
time,1,hash_ordered,locator_128,mixed_exact,20000,0,42,42,125,0,0,locator
time,1,hash_ordered,locator_128,existing_price_assign,20000,0,42,42,209,0,0,locator
time,1,hash_ordered,locator_128,range_up_to_8,20000,0,42,42,208,0,0,locator
time,1,hash_ordered,locator_128,remove_best_and_find_next,20000,41,42,42,333,0,0,locator
time,1,hash_ordered,locator_128,reinsert_best,20000,41,42,42,3000,0,0,locator
time,1,hash_ordered,locator_1024,mixed_exact,20000,0,42,42,42,0,0,locator
time,1,hash_ordered,locator_1024,existing_price_assign,20000,41,83,84,1375,0,0,locator
time,1,hash_ordered,locator_1024,range_up_to_8,20000,0,42,42,125,0,0,locator
time,1,hash_ordered,locator_1024,remove_best_and_find_next,20000,42,42,83,208,0,0,locator
time,1,hash_ordered,locator_1024,reinsert_best,20000,41,42,42,125,0,0,locator
time,1,hash_ordered,sparse_growth,new_price,20000,83,125,1125,110459,0,0,locator
time,1,hash_ordered,sparse_growth,remove_best_and_find_next,20000,83,125,208,750,0,0,locator
time,1,pages,single_4,price_query_batch64,2000,333,334,375,459,0,0,oms
time,1,pages,single_4,price_query,20000,41,125,125,209,0,0,oms
time,1,pages,single_4,intent_to_command,20000,208,1000,1291,8250,0,0,oms
time,1,pages,single_4,queued_intent,20000,83,750,1125,12750,0,0,oms
time,1,pages,single_4,coalesced_intent,20000,83,791,1125,12958,0,0,oms
time,1,pages,single_4,guarded_report_visible,20000,125,1167,1958,11500,0,0,oms
time,1,pages,single_4,report_transport_duplicate,20000,42,125,208,292,0,0,oms
time,1,pages,single_4,ready_to_command,20000,209,292,1250,2167,0,0,oms
time,1,pages,single_32,price_query_batch64,2000,333,375,375,792,0,0,oms
time,1,pages,single_32,price_query,20000,42,125,125,208,0,0,oms
time,1,pages,single_32,intent_to_command,20000,208,292,333,1041,0,0,oms
time,1,pages,single_32,queued_intent,20000,83,125,208,875,0,0,oms
time,1,pages,single_32,coalesced_intent,20000,83,84,167,875,0,0,oms
time,1,pages,single_32,guarded_report_visible,20000,125,958,1250,11916,0,0,oms
time,1,pages,single_32,report_transport_duplicate,20000,42,125,167,2667,0,0,oms
time,1,pages,single_32,ready_to_command,20000,209,250,292,1959,0,0,oms
time,1,pages,single_128,price_query_batch64,2000,416,417,625,2584,0,0,oms
time,1,pages,single_128,price_query,20000,42,125,125,292,0,0,oms
time,1,pages,single_128,intent_to_command,20000,208,292,375,2042,0,0,oms
time,1,pages,single_128,queued_intent,20000,83,125,167,5333,0,0,oms
time,1,pages,single_128,coalesced_intent,20000,83,84,167,292,0,0,oms
time,1,pages,single_128,guarded_report_visible,20000,125,209,292,3916,0,0,oms
time,1,pages,single_128,report_transport_duplicate,20000,42,125,167,291,0,0,oms
time,1,pages,single_128,ready_to_command,20000,209,250,292,542,0,0,oms
time,1,pages,single_1024,price_query_batch64,2000,416,417,459,792,0,0,oms
time,1,pages,single_1024,price_query,20000,42,125,167,209,0,0,oms
time,1,pages,single_1024,intent_to_command,20000,209,375,1291,11542,0,0,oms
time,1,pages,single_1024,queued_intent,20000,83,125,1125,30542,0,0,oms
time,1,pages,single_1024,coalesced_intent,20000,83,125,1042,14625,0,0,oms
time,1,pages,single_1024,guarded_report_visible,20000,125,292,1167,18834,0,0,oms
time,1,pages,single_1024,report_transport_duplicate,20000,42,125,167,375,0,0,oms
time,1,pages,single_1024,ready_to_command,20000,250,292,1292,3833,0,0,oms
time,1,pages,fills,guarded_fill,20000,83,709,1042,18292,0,0,oms
time,1,pages,fills,fill_business_duplicate,20000,83,166,250,5291,0,0,oms
time,1,pages,fills,fill_transport_duplicate,20000,42,125,208,334,0,0,oms
time,1,pages,baseline,timer,20000,0,42,42,42,0,0,oms
time,1,pages,locator_4,mixed_exact,20000,0,42,42,42,0,0,locator
time,1,pages,locator_4,existing_price_assign,20000,0,42,42,167,0,0,locator
time,1,pages,locator_4,range_up_to_8,20000,0,42,42,83,0,0,locator
time,1,pages,locator_4,remove_best_and_find_next,20000,0,42,42,250,0,0,locator
time,1,pages,locator_4,reinsert_best,20000,0,42,42,84,0,0,locator
time,1,pages,locator_32,mixed_exact,20000,0,42,42,9000,0,0,locator
time,1,pages,locator_32,existing_price_assign,20000,0,42,42,167,0,0,locator
time,1,pages,locator_32,range_up_to_8,20000,0,42,42,42,0,0,locator
time,1,pages,locator_32,remove_best_and_find_next,20000,0,42,42,11291,0,0,locator
time,1,pages,locator_32,reinsert_best,20000,0,42,42,84,0,0,locator
time,1,pages,locator_128,mixed_exact,20000,0,42,42,2042,0,0,locator
time,1,pages,locator_128,existing_price_assign,20000,0,42,42,250,0,0,locator
time,1,pages,locator_128,range_up_to_8,20000,0,42,42,4084,0,0,locator
time,1,pages,locator_128,remove_best_and_find_next,20000,0,42,42,84,0,0,locator
time,1,pages,locator_128,reinsert_best,20000,0,42,42,209,0,0,locator
time,1,pages,locator_1024,mixed_exact,20000,0,42,42,167,0,0,locator
time,1,pages,locator_1024,existing_price_assign,20000,0,42,42,166,0,0,locator
time,1,pages,locator_1024,range_up_to_8,20000,0,42,42,125,0,0,locator
time,1,pages,locator_1024,remove_best_and_find_next,20000,0,42,42,167,0,0,locator
time,1,pages,locator_1024,reinsert_best,20000,0,42,42,125,0,0,locator
time,1,pages,sparse_growth,new_price,20000,125,5000,6166,15875,0,0,locator
time,1,pages,sparse_growth,remove_best_and_find_next,20000,125,334,667,1375,0,0,locator
time,2,pages,single_4,price_query_batch64,2000,333,375,459,750,0,0,oms
time,2,pages,single_4,price_query,20000,42,125,125,292,0,0,oms
time,2,pages,single_4,intent_to_command,20000,208,958,1334,13833,0,0,oms
time,2,pages,single_4,queued_intent,20000,83,750,1125,13542,0,0,oms
time,2,pages,single_4,coalesced_intent,20000,83,791,1125,11292,0,0,oms
time,2,pages,single_4,guarded_report_visible,20000,125,1208,1958,18292,0,0,oms
time,2,pages,single_4,report_transport_duplicate,20000,42,125,167,292,0,0,oms
time,2,pages,single_4,ready_to_command,20000,209,292,1291,1583,0,0,oms
time,2,pages,single_32,price_query_batch64,2000,333,375,500,750,0,0,oms
time,2,pages,single_32,price_query,20000,42,125,125,292,0,0,oms
time,2,pages,single_32,intent_to_command,20000,208,292,334,1209,0,0,oms
time,2,pages,single_32,queued_intent,20000,83,125,167,875,0,0,oms
time,2,pages,single_32,coalesced_intent,20000,42,84,167,1834,0,0,oms
time,2,pages,single_32,guarded_report_visible,20000,125,1084,1542,12291,0,0,oms
time,2,pages,single_32,report_transport_duplicate,20000,42,125,167,250,0,0,oms
time,2,pages,single_32,ready_to_command,20000,209,250,292,959,0,0,oms
time,2,pages,single_128,price_query_batch64,2000,375,417,542,1208,0,0,oms
time,2,pages,single_128,price_query,20000,42,125,125,1791,0,0,oms
time,2,pages,single_128,intent_to_command,20000,208,333,375,2375,0,0,oms
time,2,pages,single_128,queued_intent,20000,83,125,167,6083,0,0,oms
time,2,pages,single_128,coalesced_intent,20000,42,84,125,1542,0,0,oms
time,2,pages,single_128,guarded_report_visible,20000,125,250,1083,7875,0,0,oms
time,2,pages,single_128,report_transport_duplicate,20000,42,125,167,250,0,0,oms
time,2,pages,single_128,ready_to_command,20000,209,250,292,5542,0,0,oms
time,2,pages,single_1024,price_query_batch64,2000,416,417,500,959,0,0,oms
time,2,pages,single_1024,price_query,20000,42,125,167,1084,0,0,oms
time,2,pages,single_1024,intent_to_command,20000,209,375,1333,34042,0,0,oms
time,2,pages,single_1024,queued_intent,20000,83,125,1125,13459,0,0,oms
time,2,pages,single_1024,coalesced_intent,20000,42,84,1125,15000,0,0,oms
time,2,pages,single_1024,guarded_report_visible,20000,125,292,1250,4083,0,0,oms
time,2,pages,single_1024,report_transport_duplicate,20000,42,125,167,334,0,0,oms
time,2,pages,single_1024,ready_to_command,20000,250,292,1334,4458,0,0,oms
time,2,pages,fills,guarded_fill,20000,83,667,1084,16750,0,0,oms
time,2,pages,fills,fill_business_duplicate,20000,83,125,209,2041,0,0,oms
time,2,pages,fills,fill_transport_duplicate,20000,83,125,209,292,0,0,oms
time,2,pages,baseline,timer,20000,0,42,42,84,0,0,oms
time,2,pages,locator_4,mixed_exact,20000,0,42,42,84,0,0,locator
time,2,pages,locator_4,existing_price_assign,20000,0,42,42,167,0,0,locator
time,2,pages,locator_4,range_up_to_8,20000,0,42,42,6875,0,0,locator
time,2,pages,locator_4,remove_best_and_find_next,20000,0,42,42,250,0,0,locator
time,2,pages,locator_4,reinsert_best,20000,0,42,42,125,0,0,locator
time,2,pages,locator_32,mixed_exact,20000,0,42,42,83,0,0,locator
time,2,pages,locator_32,existing_price_assign,20000,0,42,42,125,0,0,locator
time,2,pages,locator_32,range_up_to_8,20000,0,42,42,84,0,0,locator
time,2,pages,locator_32,remove_best_and_find_next,20000,0,42,42,84,0,0,locator
time,2,pages,locator_32,reinsert_best,20000,0,42,42,167,0,0,locator
time,2,pages,locator_128,mixed_exact,20000,0,42,42,125,0,0,locator
time,2,pages,locator_128,existing_price_assign,20000,0,42,42,84,0,0,locator
time,2,pages,locator_128,range_up_to_8,20000,0,42,42,1417,0,0,locator
time,2,pages,locator_128,remove_best_and_find_next,20000,0,42,42,84,0,0,locator
time,2,pages,locator_128,reinsert_best,20000,0,42,42,84,0,0,locator
time,2,pages,locator_1024,mixed_exact,20000,0,42,42,42,0,0,locator
time,2,pages,locator_1024,existing_price_assign,20000,0,42,42,125,0,0,locator
time,2,pages,locator_1024,range_up_to_8,20000,0,42,42,125,0,0,locator
time,2,pages,locator_1024,remove_best_and_find_next,20000,0,42,42,84,0,0,locator
time,2,pages,locator_1024,reinsert_best,20000,0,42,42,166,0,0,locator
time,2,pages,sparse_growth,new_price,20000,125,5000,6583,20417,0,0,locator
time,2,pages,sparse_growth,remove_best_and_find_next,20000,125,500,666,1542,0,0,locator
time,2,standard,single_4,price_query_batch64,2000,250,292,333,625,0,0,oms
time,2,standard,single_4,price_query,20000,41,125,125,333,0,0,oms
time,2,standard,single_4,intent_to_command,20000,208,1000,1375,13500,0,0,oms
time,2,standard,single_4,queued_intent,20000,83,875,1250,11292,0,0,oms
time,2,standard,single_4,coalesced_intent,20000,83,875,1167,8250,0,0,oms
time,2,standard,single_4,guarded_report_visible,20000,125,1166,1875,14375,0,0,oms
time,2,standard,single_4,report_transport_duplicate,20000,42,125,167,292,0,0,oms
time,2,standard,single_4,ready_to_command,20000,209,292,1333,8208,0,0,oms
time,2,standard,single_32,price_query_batch64,2000,458,459,500,1417,0,0,oms
time,2,standard,single_32,price_query,20000,41,125,125,1792,0,0,oms
time,2,standard,single_32,intent_to_command,20000,250,292,334,9417,0,0,oms
time,2,standard,single_32,queued_intent,20000,83,125,167,917,0,0,oms
time,2,standard,single_32,coalesced_intent,20000,83,84,167,1042,0,0,oms
time,2,standard,single_32,guarded_report_visible,20000,167,1083,1417,12708,0,0,oms
time,2,standard,single_32,report_transport_duplicate,20000,42,125,167,334,0,0,oms
time,2,standard,single_32,ready_to_command,20000,250,292,334,4250,0,0,oms
time,2,standard,single_128,price_query_batch64,2000,542,542,833,2041,0,0,oms
time,2,standard,single_128,price_query,20000,42,125,125,6666,0,0,oms
time,2,standard,single_128,intent_to_command,20000,250,292,375,4167,0,0,oms
time,2,standard,single_128,queued_intent,20000,83,125,166,250,0,0,oms
time,2,standard,single_128,coalesced_intent,20000,83,84,125,250,0,0,oms
time,2,standard,single_128,guarded_report_visible,20000,167,250,375,1291,0,0,oms
time,2,standard,single_128,report_transport_duplicate,20000,42,125,167,334,0,0,oms
time,2,standard,single_128,ready_to_command,20000,250,333,375,2125,0,0,oms
time,2,standard,single_1024,price_query_batch64,2000,542,584,792,1875,0,0,oms
time,2,standard,single_1024,price_query,20000,42,125,167,1708,0,0,oms
time,2,standard,single_1024,intent_to_command,20000,291,416,1375,9292,0,0,oms
time,2,standard,single_1024,queued_intent,20000,83,125,1042,12459,0,0,oms
time,2,standard,single_1024,coalesced_intent,20000,83,125,1041,31375,0,0,oms
time,2,standard,single_1024,guarded_report_visible,20000,208,334,1250,5917,0,0,oms
time,2,standard,single_1024,report_transport_duplicate,20000,42,125,167,1291,0,0,oms
time,2,standard,single_1024,ready_to_command,20000,291,417,1333,11500,0,0,oms
time,2,standard,fills,guarded_fill,20000,83,667,1000,13334,0,0,oms
time,2,standard,fills,fill_business_duplicate,20000,83,125,209,1667,0,0,oms
time,2,standard,fills,fill_transport_duplicate,20000,42,125,209,292,0,0,oms
time,2,standard,baseline,timer,20000,0,42,42,209,0,0,oms
time,2,standard,locator_4,mixed_exact,20000,0,42,42,166,0,0,locator
time,2,standard,locator_4,existing_price_assign,20000,0,42,42,209,0,0,locator
time,2,standard,locator_4,range_up_to_8,20000,0,42,42,84,0,0,locator
time,2,standard,locator_4,remove_best_and_find_next,20000,0,42,42,1750,0,0,locator
time,2,standard,locator_4,reinsert_best,20000,0,42,42,166,0,0,locator
time,2,standard,locator_32,mixed_exact,20000,0,42,42,167,0,0,locator
time,2,standard,locator_32,existing_price_assign,20000,0,42,42,84,0,0,locator
time,2,standard,locator_32,range_up_to_8,20000,0,42,42,125,0,0,locator
time,2,standard,locator_32,remove_best_and_find_next,20000,41,42,42,250,0,0,locator
time,2,standard,locator_32,reinsert_best,20000,0,42,42,84,0,0,locator
time,2,standard,locator_128,mixed_exact,20000,0,42,42,5792,0,0,locator
time,2,standard,locator_128,existing_price_assign,20000,0,42,42,167,0,0,locator
time,2,standard,locator_128,range_up_to_8,20000,0,42,42,84,0,0,locator
time,2,standard,locator_128,remove_best_and_find_next,20000,41,42,42,208,0,0,locator
time,2,standard,locator_128,reinsert_best,20000,0,42,42,83,0,0,locator
time,2,standard,locator_1024,mixed_exact,20000,41,42,42,166,0,0,locator
time,2,standard,locator_1024,existing_price_assign,20000,42,84,84,125,0,0,locator
time,2,standard,locator_1024,range_up_to_8,20000,41,42,83,8333,0,0,locator
time,2,standard,locator_1024,remove_best_and_find_next,20000,42,42,42,250,0,0,locator
time,2,standard,locator_1024,reinsert_best,20000,41,42,42,208,0,0,locator
time,2,standard,sparse_growth,new_price,20000,83,125,1083,1417,0,0,locator
time,2,standard,sparse_growth,remove_best_and_find_next,20000,83,125,208,5000,0,0,locator
time,2,hash_ordered,single_4,price_query_batch64,2000,292,292,334,500,0,0,oms
time,2,hash_ordered,single_4,price_query,20000,41,125,125,291,0,0,oms
time,2,hash_ordered,single_4,intent_to_command,20000,208,958,1334,9000,0,0,oms
time,2,hash_ordered,single_4,queued_intent,20000,83,792,1167,8625,0,0,oms
time,2,hash_ordered,single_4,coalesced_intent,20000,83,792,1166,12625,0,0,oms
time,2,hash_ordered,single_4,guarded_report_visible,20000,166,1208,2000,12542,0,0,oms
time,2,hash_ordered,single_4,report_transport_duplicate,20000,42,125,167,2875,0,0,oms
time,2,hash_ordered,single_4,ready_to_command,20000,250,292,1333,12708,0,0,oms
time,2,hash_ordered,single_32,price_query_batch64,2000,292,292,375,417,0,0,oms
time,2,hash_ordered,single_32,price_query,20000,42,125,125,250,0,0,oms
time,2,hash_ordered,single_32,intent_to_command,20000,250,333,416,5042,0,0,oms
time,2,hash_ordered,single_32,queued_intent,20000,83,125,208,791,0,0,oms
time,2,hash_ordered,single_32,coalesced_intent,20000,83,84,167,833,0,0,oms
time,2,hash_ordered,single_32,guarded_report_visible,20000,167,1000,1417,11833,0,0,oms
time,2,hash_ordered,single_32,report_transport_duplicate,20000,42,125,166,333,0,0,oms
time,2,hash_ordered,single_32,ready_to_command,20000,250,292,334,3917,0,0,oms
time,2,hash_ordered,single_128,price_query_batch64,2000,292,334,334,625,0,0,oms
time,2,hash_ordered,single_128,price_query,20000,42,125,125,250,0,0,oms
time,2,hash_ordered,single_128,intent_to_command,20000,250,334,583,3458,0,0,oms
time,2,hash_ordered,single_128,queued_intent,20000,83,125,166,292,0,0,oms
time,2,hash_ordered,single_128,coalesced_intent,20000,42,84,125,250,0,0,oms
time,2,hash_ordered,single_128,guarded_report_visible,20000,208,250,417,2625,0,0,oms
time,2,hash_ordered,single_128,report_transport_duplicate,20000,42,125,167,1916,0,0,oms
time,2,hash_ordered,single_128,ready_to_command,20000,292,334,416,2375,0,0,oms
time,2,hash_ordered,single_1024,price_query_batch64,2000,292,333,334,542,0,0,oms
time,2,hash_ordered,single_1024,price_query,20000,42,125,125,291,0,0,oms
time,2,hash_ordered,single_1024,intent_to_command,20000,291,416,1417,4292,0,0,oms
time,2,hash_ordered,single_1024,queued_intent,20000,83,125,1166,9542,0,0,oms
time,2,hash_ordered,single_1024,coalesced_intent,20000,83,84,1166,13209,0,0,oms
time,2,hash_ordered,single_1024,guarded_report_visible,20000,208,375,1292,14417,0,0,oms
time,2,hash_ordered,single_1024,report_transport_duplicate,20000,42,125,167,334,0,0,oms
time,2,hash_ordered,single_1024,ready_to_command,20000,291,417,1416,23750,0,0,oms
time,2,hash_ordered,fills,guarded_fill,20000,83,750,1125,15458,0,0,oms
time,2,hash_ordered,fills,fill_business_duplicate,20000,83,166,209,625,0,0,oms
time,2,hash_ordered,fills,fill_transport_duplicate,20000,83,125,209,334,0,0,oms
time,2,hash_ordered,baseline,timer,20000,0,42,42,125,0,0,oms
time,2,hash_ordered,locator_4,mixed_exact,20000,0,42,42,125,0,0,locator
time,2,hash_ordered,locator_4,existing_price_assign,20000,0,42,42,167,0,0,locator
time,2,hash_ordered,locator_4,range_up_to_8,20000,0,42,42,42,0,0,locator
time,2,hash_ordered,locator_4,remove_best_and_find_next,20000,0,42,42,1000,0,0,locator
time,2,hash_ordered,locator_4,reinsert_best,20000,0,42,42,209,0,0,locator
time,2,hash_ordered,locator_32,mixed_exact,20000,0,42,42,84,0,0,locator
time,2,hash_ordered,locator_32,existing_price_assign,20000,0,42,42,167,0,0,locator
time,2,hash_ordered,locator_32,range_up_to_8,20000,0,42,42,125,0,0,locator
time,2,hash_ordered,locator_32,remove_best_and_find_next,20000,41,42,42,250,0,0,locator
time,2,hash_ordered,locator_32,reinsert_best,20000,0,42,42,167,0,0,locator
time,2,hash_ordered,locator_128,mixed_exact,20000,0,42,42,4750,0,0,locator
time,2,hash_ordered,locator_128,existing_price_assign,20000,0,42,42,167,0,0,locator
time,2,hash_ordered,locator_128,range_up_to_8,20000,0,42,42,84,0,0,locator
time,2,hash_ordered,locator_128,remove_best_and_find_next,20000,41,42,42,208,0,0,locator
time,2,hash_ordered,locator_128,reinsert_best,20000,41,42,42,334,0,0,locator
time,2,hash_ordered,locator_1024,mixed_exact,20000,0,42,42,209,0,0,locator
time,2,hash_ordered,locator_1024,existing_price_assign,20000,41,83,84,10792,0,0,locator
time,2,hash_ordered,locator_1024,range_up_to_8,20000,0,42,83,208,0,0,locator
time,2,hash_ordered,locator_1024,remove_best_and_find_next,20000,42,42,83,209,0,0,locator
time,2,hash_ordered,locator_1024,reinsert_best,20000,41,42,42,209,0,0,locator
time,2,hash_ordered,sparse_growth,new_price,20000,83,125,1125,106042,0,0,locator
time,2,hash_ordered,sparse_growth,remove_best_and_find_next,20000,83,125,208,5167,0,0,locator
time,3,pages,single_4,price_query_batch64,2000,333,417,500,792,0,0,oms
time,3,pages,single_4,price_query,20000,41,125,125,333,0,0,oms
time,3,pages,single_4,intent_to_command,20000,208,958,1333,8459,0,0,oms
time,3,pages,single_4,queued_intent,20000,83,750,1125,7583,0,0,oms
time,3,pages,single_4,coalesced_intent,20000,83,792,1125,2291,0,0,oms
time,3,pages,single_4,guarded_report_visible,20000,125,1125,2042,12708,0,0,oms
time,3,pages,single_4,report_transport_duplicate,20000,42,125,167,292,0,0,oms
time,3,pages,single_4,ready_to_command,20000,209,291,1250,12875,0,0,oms
time,3,pages,single_32,price_query_batch64,2000,334,375,375,2042,0,0,oms
time,3,pages,single_32,price_query,20000,42,125,125,292,0,0,oms
time,3,pages,single_32,intent_to_command,20000,208,292,334,3416,0,0,oms
time,3,pages,single_32,queued_intent,20000,83,125,167,750,0,0,oms
time,3,pages,single_32,coalesced_intent,20000,83,84,166,792,0,0,oms
time,3,pages,single_32,guarded_report_visible,20000,125,959,1250,13209,0,0,oms
time,3,pages,single_32,report_transport_duplicate,20000,42,125,167,292,0,0,oms
time,3,pages,single_32,ready_to_command,20000,209,250,333,917,0,0,oms
time,3,pages,single_128,price_query_batch64,2000,416,459,542,1292,0,0,oms
time,3,pages,single_128,price_query,20000,42,125,125,209,0,0,oms
time,3,pages,single_128,intent_to_command,20000,208,333,375,5000,0,0,oms
time,3,pages,single_128,queued_intent,20000,83,125,166,292,0,0,oms
time,3,pages,single_128,coalesced_intent,20000,42,84,125,333,0,0,oms
time,3,pages,single_128,guarded_report_visible,20000,125,209,708,917,0,0,oms
time,3,pages,single_128,report_transport_duplicate,20000,42,125,167,625,0,0,oms
time,3,pages,single_128,ready_to_command,20000,209,250,333,750,0,0,oms
time,3,pages,single_1024,price_query_batch64,2000,416,417,500,750,0,0,oms
time,3,pages,single_1024,price_query,20000,42,125,167,583,0,0,oms
time,3,pages,single_1024,intent_to_command,20000,209,375,1292,2666,0,0,oms
time,3,pages,single_1024,queued_intent,20000,83,125,1125,2042,0,0,oms
time,3,pages,single_1024,coalesced_intent,20000,42,84,1125,19042,0,0,oms
time,3,pages,single_1024,guarded_report_visible,20000,125,292,1209,16541,0,0,oms
time,3,pages,single_1024,report_transport_duplicate,20000,42,125,167,291,0,0,oms
time,3,pages,single_1024,ready_to_command,20000,250,292,1333,13833,0,0,oms
time,3,pages,fills,guarded_fill,20000,83,792,1208,19791,0,0,oms
time,3,pages,fills,fill_business_duplicate,20000,83,166,209,583,0,0,oms
time,3,pages,fills,fill_transport_duplicate,20000,42,125,209,2208,0,0,oms
time,3,pages,baseline,timer,20000,0,42,42,167,0,0,oms
time,3,pages,locator_4,mixed_exact,20000,0,42,42,83,0,0,locator
time,3,pages,locator_4,existing_price_assign,20000,0,42,42,125,0,0,locator
time,3,pages,locator_4,range_up_to_8,20000,0,42,42,83,0,0,locator
time,3,pages,locator_4,remove_best_and_find_next,20000,0,42,42,292,0,0,locator
time,3,pages,locator_4,reinsert_best,20000,0,42,42,208,0,0,locator
time,3,pages,locator_32,mixed_exact,20000,0,42,42,83,0,0,locator
time,3,pages,locator_32,existing_price_assign,20000,0,42,42,42,0,0,locator
time,3,pages,locator_32,range_up_to_8,20000,0,42,42,83,0,0,locator
time,3,pages,locator_32,remove_best_and_find_next,20000,0,42,42,84,0,0,locator
time,3,pages,locator_32,reinsert_best,20000,0,42,42,42,0,0,locator
time,3,pages,locator_128,mixed_exact,20000,0,42,42,84,0,0,locator
time,3,pages,locator_128,existing_price_assign,20000,0,42,42,125,0,0,locator
time,3,pages,locator_128,range_up_to_8,20000,0,42,42,84,0,0,locator
time,3,pages,locator_128,remove_best_and_find_next,20000,0,42,42,83,0,0,locator
time,3,pages,locator_128,reinsert_best,20000,0,42,42,209,0,0,locator
time,3,pages,locator_1024,mixed_exact,20000,0,42,42,167,0,0,locator
time,3,pages,locator_1024,existing_price_assign,20000,0,42,42,84,0,0,locator
time,3,pages,locator_1024,range_up_to_8,20000,0,42,42,167,0,0,locator
time,3,pages,locator_1024,remove_best_and_find_next,20000,0,42,42,167,0,0,locator
time,3,pages,locator_1024,reinsert_best,20000,0,42,42,125,0,0,locator
time,3,pages,sparse_growth,new_price,20000,125,4958,6292,19708,0,0,locator
time,3,pages,sparse_growth,remove_best_and_find_next,20000,125,292,625,3042,0,0,locator
time,3,hash_ordered,single_4,price_query_batch64,2000,292,334,417,667,0,0,oms
time,3,hash_ordered,single_4,price_query,20000,41,125,125,250,0,0,oms
time,3,hash_ordered,single_4,intent_to_command,20000,208,916,1209,2291,0,0,oms
time,3,hash_ordered,single_4,queued_intent,20000,83,750,1042,7792,0,0,oms
time,3,hash_ordered,single_4,coalesced_intent,20000,83,750,1084,5875,0,0,oms
time,3,hash_ordered,single_4,guarded_report_visible,20000,166,1167,2042,12833,0,0,oms
time,3,hash_ordered,single_4,report_transport_duplicate,20000,42,125,167,375,0,0,oms
time,3,hash_ordered,single_4,ready_to_command,20000,250,292,1167,13041,0,0,oms
time,3,hash_ordered,single_32,price_query_batch64,2000,292,292,333,500,0,0,oms
time,3,hash_ordered,single_32,price_query,20000,42,125,125,292,0,0,oms
time,3,hash_ordered,single_32,intent_to_command,20000,250,333,375,917,0,0,oms
time,3,hash_ordered,single_32,queued_intent,20000,83,125,208,4208,0,0,oms
time,3,hash_ordered,single_32,coalesced_intent,20000,42,84,167,791,0,0,oms
time,3,hash_ordered,single_32,guarded_report_visible,20000,167,1000,1291,12542,0,0,oms
time,3,hash_ordered,single_32,report_transport_duplicate,20000,42,125,167,333,0,0,oms
time,3,hash_ordered,single_32,ready_to_command,20000,250,333,375,1208,0,0,oms
time,3,hash_ordered,single_128,price_query_batch64,2000,292,375,417,583,0,0,oms
time,3,hash_ordered,single_128,price_query,20000,42,125,125,250,0,0,oms
time,3,hash_ordered,single_128,intent_to_command,20000,250,334,583,2917,0,0,oms
time,3,hash_ordered,single_128,queued_intent,20000,83,125,166,250,0,0,oms
time,3,hash_ordered,single_128,coalesced_intent,20000,42,84,125,250,0,0,oms
time,3,hash_ordered,single_128,guarded_report_visible,20000,208,291,334,3709,0,0,oms
time,3,hash_ordered,single_128,report_transport_duplicate,20000,42,125,167,375,0,0,oms
time,3,hash_ordered,single_128,ready_to_command,20000,291,375,417,6917,0,0,oms
time,3,hash_ordered,single_1024,price_query_batch64,2000,292,292,459,541,0,0,oms
time,3,hash_ordered,single_1024,price_query,20000,42,125,166,4333,0,0,oms
time,3,hash_ordered,single_1024,intent_to_command,20000,292,417,1458,4834,0,0,oms
time,3,hash_ordered,single_1024,queued_intent,20000,83,125,1167,37625,0,0,oms
time,3,hash_ordered,single_1024,coalesced_intent,20000,83,125,1167,8834,0,0,oms
time,3,hash_ordered,single_1024,guarded_report_visible,20000,208,375,1292,2583,0,0,oms
time,3,hash_ordered,single_1024,report_transport_duplicate,20000,42,125,167,375,0,0,oms
time,3,hash_ordered,single_1024,ready_to_command,20000,291,458,1458,11417,0,0,oms
time,3,hash_ordered,fills,guarded_fill,20000,83,667,1041,8708,0,0,oms
time,3,hash_ordered,fills,fill_business_duplicate,20000,83,166,250,667,0,0,oms
time,3,hash_ordered,fills,fill_transport_duplicate,20000,42,125,209,292,0,0,oms
time,3,hash_ordered,baseline,timer,20000,0,42,42,84,0,0,oms
time,3,hash_ordered,locator_4,mixed_exact,20000,0,42,42,84,0,0,locator
time,3,hash_ordered,locator_4,existing_price_assign,20000,0,42,42,84,0,0,locator
time,3,hash_ordered,locator_4,range_up_to_8,20000,0,42,42,84,0,0,locator
time,3,hash_ordered,locator_4,remove_best_and_find_next,20000,0,42,42,917,0,0,locator
time,3,hash_ordered,locator_4,reinsert_best,20000,0,42,42,167,0,0,locator
time,3,hash_ordered,locator_32,mixed_exact,20000,0,42,42,250,0,0,locator
time,3,hash_ordered,locator_32,existing_price_assign,20000,0,42,42,125,0,0,locator
time,3,hash_ordered,locator_32,range_up_to_8,20000,0,42,42,125,0,0,locator
time,3,hash_ordered,locator_32,remove_best_and_find_next,20000,41,42,42,291,0,0,locator
time,3,hash_ordered,locator_32,reinsert_best,20000,0,42,42,208,0,0,locator
time,3,hash_ordered,locator_128,mixed_exact,20000,0,42,42,84,0,0,locator
time,3,hash_ordered,locator_128,existing_price_assign,20000,0,42,42,4166,0,0,locator
time,3,hash_ordered,locator_128,range_up_to_8,20000,0,42,42,125,0,0,locator
time,3,hash_ordered,locator_128,remove_best_and_find_next,20000,41,42,42,208,0,0,locator
time,3,hash_ordered,locator_128,reinsert_best,20000,0,42,42,125,0,0,locator
time,3,hash_ordered,locator_1024,mixed_exact,20000,0,42,42,125,0,0,locator
time,3,hash_ordered,locator_1024,existing_price_assign,20000,41,83,84,209,0,0,locator
time,3,hash_ordered,locator_1024,range_up_to_8,20000,0,42,42,125,0,0,locator
time,3,hash_ordered,locator_1024,remove_best_and_find_next,20000,42,42,83,375,0,0,locator
time,3,hash_ordered,locator_1024,reinsert_best,20000,41,42,42,167,0,0,locator
time,3,hash_ordered,sparse_growth,new_price,20000,83,125,1292,105917,0,0,locator
time,3,hash_ordered,sparse_growth,remove_best_and_find_next,20000,83,125,167,4958,0,0,locator
time,3,standard,single_4,price_query_batch64,2000,250,292,333,375,0,0,oms
time,3,standard,single_4,price_query,20000,41,125,125,208,0,0,oms
time,3,standard,single_4,intent_to_command,20000,208,959,1334,14666,0,0,oms
time,3,standard,single_4,queued_intent,20000,83,791,1083,12958,0,0,oms
time,3,standard,single_4,coalesced_intent,20000,83,750,1084,11458,0,0,oms
time,3,standard,single_4,guarded_report_visible,20000,125,1166,1958,11625,0,0,oms
time,3,standard,single_4,report_transport_duplicate,20000,42,125,208,542,0,0,oms
time,3,standard,single_4,ready_to_command,20000,209,292,1292,12084,0,0,oms
time,3,standard,single_32,price_query_batch64,2000,458,542,625,1458,0,0,oms
time,3,standard,single_32,price_query,20000,41,125,125,333,0,0,oms
time,3,standard,single_32,intent_to_command,20000,250,292,334,8209,0,0,oms
time,3,standard,single_32,queued_intent,20000,83,125,167,666,0,0,oms
time,3,standard,single_32,coalesced_intent,20000,83,84,167,292,0,0,oms
time,3,standard,single_32,guarded_report_visible,20000,167,1000,1291,13583,0,0,oms
time,3,standard,single_32,report_transport_duplicate,20000,42,125,167,291,0,0,oms
time,3,standard,single_32,ready_to_command,20000,250,292,375,1375,0,0,oms
time,3,standard,single_128,price_query_batch64,2000,542,583,791,2125,0,0,oms
time,3,standard,single_128,price_query,20000,42,125,125,250,0,0,oms
time,3,standard,single_128,intent_to_command,20000,250,333,375,2125,0,0,oms
time,3,standard,single_128,queued_intent,20000,83,125,167,250,0,0,oms
time,3,standard,single_128,coalesced_intent,20000,83,84,167,250,0,0,oms
time,3,standard,single_128,guarded_report_visible,20000,167,250,334,1333,0,0,oms
time,3,standard,single_128,report_transport_duplicate,20000,42,125,167,333,0,0,oms
time,3,standard,single_128,ready_to_command,20000,250,333,375,3375,0,0,oms
time,3,standard,single_1024,price_query_batch64,2000,542,584,1375,5041,0,0,oms
time,3,standard,single_1024,price_query,20000,42,125,167,333,0,0,oms
time,3,standard,single_1024,intent_to_command,20000,291,375,1333,6083,0,0,oms
time,3,standard,single_1024,queued_intent,20000,83,125,1083,28958,0,0,oms
time,3,standard,single_1024,coalesced_intent,20000,83,84,1083,9667,0,0,oms
time,3,standard,single_1024,guarded_report_visible,20000,208,375,1250,9125,0,0,oms
time,3,standard,single_1024,report_transport_duplicate,20000,42,125,167,292,0,0,oms
time,3,standard,single_1024,ready_to_command,20000,291,417,1292,1791,0,0,oms
time,3,standard,fills,guarded_fill,20000,83,667,1000,8916,0,0,oms
time,3,standard,fills,fill_business_duplicate,20000,83,125,209,542,0,0,oms
time,3,standard,fills,fill_transport_duplicate,20000,42,125,208,333,0,0,oms
time,3,standard,baseline,timer,20000,0,42,42,208,0,0,oms
time,3,standard,locator_4,mixed_exact,20000,0,42,42,208,0,0,locator
time,3,standard,locator_4,existing_price_assign,20000,0,42,42,208,0,0,locator
time,3,standard,locator_4,range_up_to_8,20000,0,42,42,42,0,0,locator
time,3,standard,locator_4,remove_best_and_find_next,20000,0,42,42,1709,0,0,locator
time,3,standard,locator_4,reinsert_best,20000,0,42,42,209,0,0,locator
time,3,standard,locator_32,mixed_exact,20000,0,42,42,42,0,0,locator
time,3,standard,locator_32,existing_price_assign,20000,0,42,42,167,0,0,locator
time,3,standard,locator_32,range_up_to_8,20000,0,42,42,125,0,0,locator
time,3,standard,locator_32,remove_best_and_find_next,20000,41,42,42,15541,0,0,locator
time,3,standard,locator_32,reinsert_best,20000,0,42,42,84,0,0,locator
time,3,standard,locator_128,mixed_exact,20000,0,42,42,125,0,0,locator
time,3,standard,locator_128,existing_price_assign,20000,0,42,83,167,0,0,locator
time,3,standard,locator_128,range_up_to_8,20000,0,42,42,209,0,0,locator
time,3,standard,locator_128,remove_best_and_find_next,20000,41,42,42,1459,0,0,locator
time,3,standard,locator_128,reinsert_best,20000,0,42,42,166,0,0,locator
time,3,standard,locator_1024,mixed_exact,20000,41,42,42,84,0,0,locator
time,3,standard,locator_1024,existing_price_assign,20000,42,84,84,167,0,0,locator
time,3,standard,locator_1024,range_up_to_8,20000,41,42,83,84,0,0,locator
time,3,standard,locator_1024,remove_best_and_find_next,20000,42,42,42,292,0,0,locator
time,3,standard,locator_1024,reinsert_best,20000,0,42,42,166,0,0,locator
time,3,standard,sparse_growth,new_price,20000,83,125,1000,1709,0,0,locator
time,3,standard,sparse_growth,remove_best_and_find_next,20000,83,125,167,459,0,0,locator
time,4,hash_ordered,single_4,price_query_batch64,2000,292,292,334,708,0,0,oms
time,4,hash_ordered,single_4,price_query,20000,41,125,125,292,0,0,oms
time,4,hash_ordered,single_4,intent_to_command,20000,208,917,1292,12166,0,0,oms
time,4,hash_ordered,single_4,queued_intent,20000,83,791,1167,9125,0,0,oms
time,4,hash_ordered,single_4,coalesced_intent,20000,83,750,1042,7708,0,0,oms
time,4,hash_ordered,single_4,guarded_report_visible,20000,125,1166,2000,12709,0,0,oms
time,4,hash_ordered,single_4,report_transport_duplicate,20000,42,125,167,1958,0,0,oms
time,4,hash_ordered,single_4,ready_to_command,20000,250,292,1209,12292,0,0,oms
time,4,hash_ordered,single_32,price_query_batch64,2000,292,334,458,542,0,0,oms
time,4,hash_ordered,single_32,price_query,20000,42,125,125,250,0,0,oms
time,4,hash_ordered,single_32,intent_to_command,20000,250,292,375,5583,0,0,oms
time,4,hash_ordered,single_32,queued_intent,20000,83,125,167,750,0,0,oms
time,4,hash_ordered,single_32,coalesced_intent,20000,83,84,167,4375,0,0,oms
time,4,hash_ordered,single_32,guarded_report_visible,20000,167,1083,1417,14958,0,0,oms
time,4,hash_ordered,single_32,report_transport_duplicate,20000,42,125,167,334,0,0,oms
time,4,hash_ordered,single_32,ready_to_command,20000,250,333,375,1625,0,0,oms
time,4,hash_ordered,single_128,price_query_batch64,2000,292,334,375,625,0,0,oms
time,4,hash_ordered,single_128,price_query,20000,42,125,125,250,0,0,oms
time,4,hash_ordered,single_128,intent_to_command,20000,291,334,417,2792,0,0,oms
time,4,hash_ordered,single_128,queued_intent,20000,83,125,166,292,0,0,oms
time,4,hash_ordered,single_128,coalesced_intent,20000,83,84,125,6500,0,0,oms
time,4,hash_ordered,single_128,guarded_report_visible,20000,208,250,334,1750,0,0,oms
time,4,hash_ordered,single_128,report_transport_duplicate,20000,42,125,167,292,0,0,oms
time,4,hash_ordered,single_128,ready_to_command,20000,292,375,417,500,0,0,oms
time,4,hash_ordered,single_1024,price_query_batch64,2000,292,334,417,542,0,0,oms
time,4,hash_ordered,single_1024,price_query,20000,42,125,125,250,0,0,oms
time,4,hash_ordered,single_1024,intent_to_command,20000,291,417,1375,5958,0,0,oms
time,4,hash_ordered,single_1024,queued_intent,20000,83,125,1042,1667,0,0,oms
time,4,hash_ordered,single_1024,coalesced_intent,20000,83,84,1083,13542,0,0,oms
time,4,hash_ordered,single_1024,guarded_report_visible,20000,208,375,1250,13750,0,0,oms
time,4,hash_ordered,single_1024,report_transport_duplicate,20000,42,125,167,334,0,0,oms
time,4,hash_ordered,single_1024,ready_to_command,20000,291,417,1292,8667,0,0,oms
time,4,hash_ordered,fills,guarded_fill,20000,83,667,959,18292,0,0,oms
time,4,hash_ordered,fills,fill_business_duplicate,20000,83,125,209,459,0,0,oms
time,4,hash_ordered,fills,fill_transport_duplicate,20000,42,125,209,333,0,0,oms
time,4,hash_ordered,baseline,timer,20000,0,42,42,84,0,0,oms
time,4,hash_ordered,locator_4,mixed_exact,20000,0,42,42,125,0,0,locator
time,4,hash_ordered,locator_4,existing_price_assign,20000,0,42,42,209,0,0,locator
time,4,hash_ordered,locator_4,range_up_to_8,20000,0,42,42,84,0,0,locator
time,4,hash_ordered,locator_4,remove_best_and_find_next,20000,0,42,42,958,0,0,locator
time,4,hash_ordered,locator_4,reinsert_best,20000,0,42,42,8666,0,0,locator
time,4,hash_ordered,locator_32,mixed_exact,20000,0,42,42,125,0,0,locator
time,4,hash_ordered,locator_32,existing_price_assign,20000,0,42,83,167,0,0,locator
time,4,hash_ordered,locator_32,range_up_to_8,20000,0,42,42,125,0,0,locator
time,4,hash_ordered,locator_32,remove_best_and_find_next,20000,41,42,83,292,0,0,locator
time,4,hash_ordered,locator_32,reinsert_best,20000,0,42,42,167,0,0,locator
time,4,hash_ordered,locator_128,mixed_exact,20000,0,42,42,83,0,0,locator
time,4,hash_ordered,locator_128,existing_price_assign,20000,0,42,42,209,0,0,locator
time,4,hash_ordered,locator_128,range_up_to_8,20000,0,42,42,167,0,0,locator
time,4,hash_ordered,locator_128,remove_best_and_find_next,20000,41,42,42,208,0,0,locator
time,4,hash_ordered,locator_128,reinsert_best,20000,0,42,42,208,0,0,locator
time,4,hash_ordered,locator_1024,mixed_exact,20000,0,42,42,84,0,0,locator
time,4,hash_ordered,locator_1024,existing_price_assign,20000,41,83,84,167,0,0,locator
time,4,hash_ordered,locator_1024,range_up_to_8,20000,0,42,83,166,0,0,locator
time,4,hash_ordered,locator_1024,remove_best_and_find_next,20000,42,42,83,250,0,0,locator
time,4,hash_ordered,locator_1024,reinsert_best,20000,41,42,42,125,0,0,locator
time,4,hash_ordered,sparse_growth,new_price,20000,83,125,1125,104792,0,0,locator
time,4,hash_ordered,sparse_growth,remove_best_and_find_next,20000,83,125,208,833,0,0,locator
time,4,standard,single_4,price_query_batch64,2000,250,292,292,667,0,0,oms
time,4,standard,single_4,price_query,20000,41,125,125,291,0,0,oms
time,4,standard,single_4,intent_to_command,20000,208,917,1250,16708,0,0,oms
time,4,standard,single_4,queued_intent,20000,83,792,1083,15875,0,0,oms
time,4,standard,single_4,coalesced_intent,20000,83,791,1125,12916,0,0,oms
time,4,standard,single_4,guarded_report_visible,20000,125,1166,2250,11792,0,0,oms
time,4,standard,single_4,report_transport_duplicate,20000,42,125,167,333,0,0,oms
time,4,standard,single_4,ready_to_command,20000,250,292,1167,1708,0,0,oms
time,4,standard,single_32,price_query_batch64,2000,458,459,542,1166,0,0,oms
time,4,standard,single_32,price_query,20000,42,125,125,333,0,0,oms
time,4,standard,single_32,intent_to_command,20000,250,292,375,1000,0,0,oms
time,4,standard,single_32,queued_intent,20000,83,125,167,792,0,0,oms
time,4,standard,single_32,coalesced_intent,20000,42,84,167,708,0,0,oms
time,4,standard,single_32,guarded_report_visible,20000,167,1000,1333,15000,0,0,oms
time,4,standard,single_32,report_transport_duplicate,20000,42,125,167,292,0,0,oms
time,4,standard,single_32,ready_to_command,20000,250,292,375,1208,0,0,oms
time,4,standard,single_128,price_query_batch64,2000,542,584,750,1709,0,0,oms
time,4,standard,single_128,price_query,20000,42,125,125,250,0,0,oms
time,4,standard,single_128,intent_to_command,20000,250,333,375,2709,0,0,oms
time,4,standard,single_128,queued_intent,20000,83,125,167,292,0,0,oms
time,4,standard,single_128,coalesced_intent,20000,83,84,167,291,0,0,oms
time,4,standard,single_128,guarded_report_visible,20000,167,250,375,1167,0,0,oms
time,4,standard,single_128,report_transport_duplicate,20000,42,125,167,292,0,0,oms
time,4,standard,single_128,ready_to_command,20000,250,333,375,4875,0,0,oms
time,4,standard,single_1024,price_query_batch64,2000,542,667,875,1833,0,0,oms
time,4,standard,single_1024,price_query,20000,42,125,167,3000,0,0,oms
time,4,standard,single_1024,intent_to_command,20000,292,416,1333,8625,0,0,oms
time,4,standard,single_1024,queued_intent,20000,83,125,1084,8583,0,0,oms
time,4,standard,single_1024,coalesced_intent,20000,83,84,1083,16333,0,0,oms
time,4,standard,single_1024,guarded_report_visible,20000,208,334,1250,11792,0,0,oms
time,4,standard,single_1024,report_transport_duplicate,20000,42,125,167,1416,0,0,oms
time,4,standard,single_1024,ready_to_command,20000,291,417,1333,14708,0,0,oms
time,4,standard,fills,guarded_fill,20000,83,667,1042,15375,0,0,oms
time,4,standard,fills,fill_business_duplicate,20000,83,166,209,500,0,0,oms
time,4,standard,fills,fill_transport_duplicate,20000,42,125,209,417,0,0,oms
time,4,standard,baseline,timer,20000,0,42,42,84,0,0,oms
time,4,standard,locator_4,mixed_exact,20000,0,42,42,166,0,0,locator
time,4,standard,locator_4,existing_price_assign,20000,0,42,42,208,0,0,locator
time,4,standard,locator_4,range_up_to_8,20000,0,42,42,84,0,0,locator
time,4,standard,locator_4,remove_best_and_find_next,20000,0,42,42,1625,0,0,locator
time,4,standard,locator_4,reinsert_best,20000,0,42,42,208,0,0,locator
time,4,standard,locator_32,mixed_exact,20000,0,42,42,166,0,0,locator
time,4,standard,locator_32,existing_price_assign,20000,0,42,42,208,0,0,locator
time,4,standard,locator_32,range_up_to_8,20000,0,42,42,209,0,0,locator
time,4,standard,locator_32,remove_best_and_find_next,20000,41,42,42,167,0,0,locator
time,4,standard,locator_32,reinsert_best,20000,0,42,42,209,0,0,locator
time,4,standard,locator_128,mixed_exact,20000,0,42,42,84,0,0,locator
time,4,standard,locator_128,existing_price_assign,20000,0,42,83,5083,0,0,locator
time,4,standard,locator_128,range_up_to_8,20000,0,42,42,125,0,0,locator
time,4,standard,locator_128,remove_best_and_find_next,20000,41,42,42,167,0,0,locator
time,4,standard,locator_128,reinsert_best,20000,0,42,42,166,0,0,locator
time,4,standard,locator_1024,mixed_exact,20000,41,42,42,209,0,0,locator
time,4,standard,locator_1024,existing_price_assign,20000,42,84,84,208,0,0,locator
time,4,standard,locator_1024,range_up_to_8,20000,41,42,83,166,0,0,locator
time,4,standard,locator_1024,remove_best_and_find_next,20000,42,42,83,416,0,0,locator
time,4,standard,locator_1024,reinsert_best,20000,0,42,42,209,0,0,locator
time,4,standard,sparse_growth,new_price,20000,83,125,1084,1709,0,0,locator
time,4,standard,sparse_growth,remove_best_and_find_next,20000,83,125,167,5333,0,0,locator
time,4,pages,single_4,price_query_batch64,2000,333,375,417,417,0,0,oms
time,4,pages,single_4,price_query,20000,42,125,125,250,0,0,oms
time,4,pages,single_4,intent_to_command,20000,209,917,1250,15750,0,0,oms
time,4,pages,single_4,queued_intent,20000,83,833,1084,17750,0,0,oms
time,4,pages,single_4,coalesced_intent,20000,83,791,1083,12750,0,0,oms
time,4,pages,single_4,guarded_report_visible,20000,125,1166,2042,11709,0,0,oms
time,4,pages,single_4,report_transport_duplicate,20000,42,125,167,9667,0,0,oms
time,4,pages,single_4,ready_to_command,20000,209,292,1209,13541,0,0,oms
time,4,pages,single_32,price_query_batch64,2000,333,375,375,708,0,0,oms
time,4,pages,single_32,price_query,20000,42,125,125,333,0,0,oms
time,4,pages,single_32,intent_to_command,20000,208,292,334,2000,0,0,oms
time,4,pages,single_32,queued_intent,20000,83,125,167,1917,0,0,oms
time,4,pages,single_32,coalesced_intent,20000,83,84,166,209,0,0,oms
time,4,pages,single_32,guarded_report_visible,20000,125,1000,1291,7917,0,0,oms
time,4,pages,single_32,report_transport_duplicate,20000,42,125,167,292,0,0,oms
time,4,pages,single_32,ready_to_command,20000,209,250,292,500,0,0,oms
time,4,pages,single_128,price_query_batch64,2000,375,417,500,1250,0,0,oms
time,4,pages,single_128,price_query,20000,42,125,166,209,0,0,oms
time,4,pages,single_128,intent_to_command,20000,209,333,375,4625,0,0,oms
time,4,pages,single_128,queued_intent,20000,83,125,167,2959,0,0,oms
time,4,pages,single_128,coalesced_intent,20000,83,84,125,250,0,0,oms
time,4,pages,single_128,guarded_report_visible,20000,125,209,334,3333,0,0,oms
time,4,pages,single_128,report_transport_duplicate,20000,42,125,167,292,0,0,oms
time,4,pages,single_128,ready_to_command,20000,209,250,292,2000,0,0,oms
time,4,pages,single_1024,price_query_batch64,2000,416,417,459,792,0,0,oms
time,4,pages,single_1024,price_query,20000,42,125,167,292,0,0,oms
time,4,pages,single_1024,intent_to_command,20000,209,375,1416,11375,0,0,oms
time,4,pages,single_1024,queued_intent,20000,83,125,1208,25833,0,0,oms
time,4,pages,single_1024,coalesced_intent,20000,83,125,1166,13750,0,0,oms
time,4,pages,single_1024,guarded_report_visible,20000,125,292,1250,14625,0,0,oms
time,4,pages,single_1024,report_transport_duplicate,20000,42,125,167,292,0,0,oms
time,4,pages,single_1024,ready_to_command,20000,250,333,1375,16417,0,0,oms
time,4,pages,fills,guarded_fill,20000,83,667,1042,14125,0,0,oms
time,4,pages,fills,fill_business_duplicate,20000,83,166,209,542,0,0,oms
time,4,pages,fills,fill_transport_duplicate,20000,42,125,208,375,0,0,oms
time,4,pages,baseline,timer,20000,0,42,42,250,0,0,oms
time,4,pages,locator_4,mixed_exact,20000,0,42,42,84,0,0,locator
time,4,pages,locator_4,existing_price_assign,20000,0,42,42,42,0,0,locator
time,4,pages,locator_4,range_up_to_8,20000,0,42,42,125,0,0,locator
time,4,pages,locator_4,remove_best_and_find_next,20000,0,42,42,208,0,0,locator
time,4,pages,locator_4,reinsert_best,20000,0,42,42,84,0,0,locator
time,4,pages,locator_32,mixed_exact,20000,0,42,42,42,0,0,locator
time,4,pages,locator_32,existing_price_assign,20000,0,42,42,167,0,0,locator
time,4,pages,locator_32,range_up_to_8,20000,0,42,42,83,0,0,locator
time,4,pages,locator_32,remove_best_and_find_next,20000,0,42,42,167,0,0,locator
time,4,pages,locator_32,reinsert_best,20000,0,42,42,167,0,0,locator
time,4,pages,locator_128,mixed_exact,20000,0,42,42,84,0,0,locator
time,4,pages,locator_128,existing_price_assign,20000,0,42,42,125,0,0,locator
time,4,pages,locator_128,range_up_to_8,20000,0,42,42,125,0,0,locator
time,4,pages,locator_128,remove_best_and_find_next,20000,0,42,42,208,0,0,locator
time,4,pages,locator_128,reinsert_best,20000,0,42,42,42,0,0,locator
time,4,pages,locator_1024,mixed_exact,20000,0,42,42,209,0,0,locator
time,4,pages,locator_1024,existing_price_assign,20000,0,42,42,208,0,0,locator
time,4,pages,locator_1024,range_up_to_8,20000,0,42,42,125,0,0,locator
time,4,pages,locator_1024,remove_best_and_find_next,20000,0,42,42,167,0,0,locator
time,4,pages,locator_1024,reinsert_best,20000,0,42,42,208,0,0,locator
time,4,pages,sparse_growth,new_price,20000,125,4917,6125,18625,0,0,locator
time,4,pages,sparse_growth,remove_best_and_find_next,20000,125,292,375,1333,0,0,locator
time,5,hash_ordered,single_4,price_query_batch64,2000,292,292,334,542,0,0,oms
time,5,hash_ordered,single_4,price_query,20000,41,125,125,292,0,0,oms
time,5,hash_ordered,single_4,intent_to_command,20000,208,917,1333,13417,0,0,oms
time,5,hash_ordered,single_4,queued_intent,20000,83,792,1167,6542,0,0,oms
time,5,hash_ordered,single_4,coalesced_intent,20000,83,791,1166,6834,0,0,oms
time,5,hash_ordered,single_4,guarded_report_visible,20000,125,1166,1917,16750,0,0,oms
time,5,hash_ordered,single_4,report_transport_duplicate,20000,42,125,167,416,0,0,oms
time,5,hash_ordered,single_4,ready_to_command,20000,250,292,1292,13042,0,0,oms
time,5,hash_ordered,single_32,price_query_batch64,2000,333,375,458,458,0,0,oms
time,5,hash_ordered,single_32,price_query,20000,42,125,208,375,0,0,oms
time,5,hash_ordered,single_32,intent_to_command,20000,250,292,375,2083,0,0,oms
time,5,hash_ordered,single_32,queued_intent,20000,83,125,208,3667,0,0,oms
time,5,hash_ordered,single_32,coalesced_intent,20000,83,84,167,3917,0,0,oms
time,5,hash_ordered,single_32,guarded_report_visible,20000,167,1042,1334,12041,0,0,oms
time,5,hash_ordered,single_32,report_transport_duplicate,20000,42,125,167,333,0,0,oms
time,5,hash_ordered,single_32,ready_to_command,20000,250,333,375,3875,0,0,oms
time,5,hash_ordered,single_128,price_query_batch64,2000,292,334,417,583,0,0,oms
time,5,hash_ordered,single_128,price_query,20000,42,125,125,250,0,0,oms
time,5,hash_ordered,single_128,intent_to_command,20000,291,334,416,3375,0,0,oms
time,5,hash_ordered,single_128,queued_intent,20000,83,125,167,4250,0,0,oms
time,5,hash_ordered,single_128,coalesced_intent,20000,83,84,166,6458,0,0,oms
time,5,hash_ordered,single_128,guarded_report_visible,20000,208,292,375,2125,0,0,oms
time,5,hash_ordered,single_128,report_transport_duplicate,20000,42,125,167,334,0,0,oms
time,5,hash_ordered,single_128,ready_to_command,20000,292,375,584,5416,0,0,oms
time,5,hash_ordered,single_1024,price_query_batch64,2000,292,334,417,666,0,0,oms
time,5,hash_ordered,single_1024,price_query,20000,42,125,125,250,0,0,oms
time,5,hash_ordered,single_1024,intent_to_command,20000,292,417,1375,5333,0,0,oms
time,5,hash_ordered,single_1024,queued_intent,20000,83,125,1125,8833,0,0,oms
time,5,hash_ordered,single_1024,coalesced_intent,20000,83,84,1042,14708,0,0,oms
time,5,hash_ordered,single_1024,guarded_report_visible,20000,208,375,1292,26334,0,0,oms
time,5,hash_ordered,single_1024,report_transport_duplicate,20000,42,125,167,1583,0,0,oms
time,5,hash_ordered,single_1024,ready_to_command,20000,291,417,1334,14166,0,0,oms
time,5,hash_ordered,fills,guarded_fill,20000,84,667,958,14209,0,0,oms
time,5,hash_ordered,fills,fill_business_duplicate,20000,83,125,209,1958,0,0,oms
time,5,hash_ordered,fills,fill_transport_duplicate,20000,42,125,209,334,0,0,oms
time,5,hash_ordered,baseline,timer,20000,0,42,42,83,0,0,oms
time,5,hash_ordered,locator_4,mixed_exact,20000,0,42,42,125,0,0,locator
time,5,hash_ordered,locator_4,existing_price_assign,20000,0,42,42,167,0,0,locator
time,5,hash_ordered,locator_4,range_up_to_8,20000,0,42,42,84,0,0,locator
time,5,hash_ordered,locator_4,remove_best_and_find_next,20000,0,42,42,750,0,0,locator
time,5,hash_ordered,locator_4,reinsert_best,20000,0,42,42,209,0,0,locator
time,5,hash_ordered,locator_32,mixed_exact,20000,0,42,42,42,0,0,locator
time,5,hash_ordered,locator_32,existing_price_assign,20000,0,42,42,84,0,0,locator
time,5,hash_ordered,locator_32,range_up_to_8,20000,0,42,42,209,0,0,locator
time,5,hash_ordered,locator_32,remove_best_and_find_next,20000,41,42,42,250,0,0,locator
time,5,hash_ordered,locator_32,reinsert_best,20000,0,42,42,84,0,0,locator
time,5,hash_ordered,locator_128,mixed_exact,20000,0,42,42,14333,0,0,locator
time,5,hash_ordered,locator_128,existing_price_assign,20000,0,42,42,125,0,0,locator
time,5,hash_ordered,locator_128,range_up_to_8,20000,0,42,42,208,0,0,locator
time,5,hash_ordered,locator_128,remove_best_and_find_next,20000,41,42,42,209,0,0,locator
time,5,hash_ordered,locator_128,reinsert_best,20000,0,42,42,3333,0,0,locator
time,5,hash_ordered,locator_1024,mixed_exact,20000,0,42,42,84,0,0,locator
time,5,hash_ordered,locator_1024,existing_price_assign,20000,41,83,84,209,0,0,locator
time,5,hash_ordered,locator_1024,range_up_to_8,20000,0,42,42,167,0,0,locator
time,5,hash_ordered,locator_1024,remove_best_and_find_next,20000,42,42,83,209,0,0,locator
time,5,hash_ordered,locator_1024,reinsert_best,20000,41,42,42,125,0,0,locator
time,5,hash_ordered,sparse_growth,new_price,20000,83,125,1083,108666,0,0,locator
time,5,hash_ordered,sparse_growth,remove_best_and_find_next,20000,83,125,208,4958,0,0,locator
time,5,pages,single_4,price_query_batch64,2000,333,375,375,750,0,0,oms
time,5,pages,single_4,price_query,20000,41,125,125,209,0,0,oms
time,5,pages,single_4,intent_to_command,20000,208,917,1250,15833,0,0,oms
time,5,pages,single_4,queued_intent,20000,83,750,1125,13125,0,0,oms
time,5,pages,single_4,coalesced_intent,20000,83,792,1125,7750,0,0,oms
time,5,pages,single_4,guarded_report_visible,20000,125,1166,1958,14167,0,0,oms
time,5,pages,single_4,report_transport_duplicate,20000,42,125,167,291,0,0,oms
time,5,pages,single_4,ready_to_command,20000,209,292,1250,1625,0,0,oms
time,5,pages,single_32,price_query_batch64,2000,333,375,375,5542,0,0,oms
time,5,pages,single_32,price_query,20000,42,125,125,250,0,0,oms
time,5,pages,single_32,intent_to_command,20000,208,292,334,875,0,0,oms
time,5,pages,single_32,queued_intent,20000,83,125,167,750,0,0,oms
time,5,pages,single_32,coalesced_intent,20000,83,84,167,667,0,0,oms
time,5,pages,single_32,guarded_report_visible,20000,125,1000,1292,8125,0,0,oms
time,5,pages,single_32,report_transport_duplicate,20000,42,125,167,333,0,0,oms
time,5,pages,single_32,ready_to_command,20000,209,250,292,1209,0,0,oms
time,5,pages,single_128,price_query_batch64,2000,375,417,542,1250,0,0,oms
time,5,pages,single_128,price_query,20000,42,125,125,333,0,0,oms
time,5,pages,single_128,intent_to_command,20000,208,292,334,4291,0,0,oms
time,5,pages,single_128,queued_intent,20000,83,125,166,1041,0,0,oms
time,5,pages,single_128,coalesced_intent,20000,83,84,125,292,0,0,oms
time,5,pages,single_128,guarded_report_visible,20000,125,209,250,1083,0,0,oms
time,5,pages,single_128,report_transport_duplicate,20000,42,125,167,334,0,0,oms
time,5,pages,single_128,ready_to_command,20000,209,250,292,2000,0,0,oms
time,5,pages,single_1024,price_query_batch64,2000,416,417,500,709,0,0,oms
time,5,pages,single_1024,price_query,20000,42,125,166,750,0,0,oms
time,5,pages,single_1024,intent_to_command,20000,208,334,1291,9834,0,0,oms
time,5,pages,single_1024,queued_intent,20000,83,125,1084,13083,0,0,oms
time,5,pages,single_1024,coalesced_intent,20000,83,125,1083,4834,0,0,oms
time,5,pages,single_1024,guarded_report_visible,20000,125,292,1208,9333,0,0,oms
time,5,pages,single_1024,report_transport_duplicate,20000,42,125,167,3541,0,0,oms
time,5,pages,single_1024,ready_to_command,20000,209,292,1292,8083,0,0,oms
time,5,pages,fills,guarded_fill,20000,83,666,958,14250,0,0,oms
time,5,pages,fills,fill_business_duplicate,20000,83,167,250,625,0,0,oms
time,5,pages,fills,fill_transport_duplicate,20000,42,125,209,375,0,0,oms
time,5,pages,baseline,timer,20000,0,42,42,84,0,0,oms
time,5,pages,locator_4,mixed_exact,20000,0,42,42,83,0,0,locator
time,5,pages,locator_4,existing_price_assign,20000,0,42,42,84,0,0,locator
time,5,pages,locator_4,range_up_to_8,20000,0,42,42,83,0,0,locator
time,5,pages,locator_4,remove_best_and_find_next,20000,0,42,42,208,0,0,locator
time,5,pages,locator_4,reinsert_best,20000,0,42,42,42,0,0,locator
time,5,pages,locator_32,mixed_exact,20000,0,42,42,84,0,0,locator
time,5,pages,locator_32,existing_price_assign,20000,0,42,42,125,0,0,locator
time,5,pages,locator_32,range_up_to_8,20000,0,42,42,84,0,0,locator
time,5,pages,locator_32,remove_best_and_find_next,20000,0,42,42,208,0,0,locator
time,5,pages,locator_32,reinsert_best,20000,0,42,42,167,0,0,locator
time,5,pages,locator_128,mixed_exact,20000,0,42,42,125,0,0,locator
time,5,pages,locator_128,existing_price_assign,20000,0,42,42,4958,0,0,locator
time,5,pages,locator_128,range_up_to_8,20000,0,42,42,84,0,0,locator
time,5,pages,locator_128,remove_best_and_find_next,20000,0,42,42,125,0,0,locator
time,5,pages,locator_128,reinsert_best,20000,0,42,42,167,0,0,locator
time,5,pages,locator_1024,mixed_exact,20000,0,42,42,167,0,0,locator
time,5,pages,locator_1024,existing_price_assign,20000,0,42,42,125,0,0,locator
time,5,pages,locator_1024,range_up_to_8,20000,0,42,42,125,0,0,locator
time,5,pages,locator_1024,remove_best_and_find_next,20000,0,42,42,125,0,0,locator
time,5,pages,locator_1024,reinsert_best,20000,0,42,42,125,0,0,locator
time,5,pages,sparse_growth,new_price,20000,125,4834,6292,24500,0,0,locator
time,5,pages,sparse_growth,remove_best_and_find_next,20000,125,292,583,4166,0,0,locator
time,5,standard,single_4,price_query_batch64,2000,250,292,417,792,0,0,oms
time,5,standard,single_4,price_query,20000,41,125,125,375,0,0,oms
time,5,standard,single_4,intent_to_command,20000,208,917,1375,7583,0,0,oms
time,5,standard,single_4,queued_intent,20000,83,750,1125,7875,0,0,oms
time,5,standard,single_4,coalesced_intent,20000,83,750,1084,8083,0,0,oms
time,5,standard,single_4,guarded_report_visible,20000,125,1166,2000,15625,0,0,oms
time,5,standard,single_4,report_transport_duplicate,20000,42,125,167,1541,0,0,oms
time,5,standard,single_4,ready_to_command,20000,209,292,1250,13166,0,0,oms
time,5,standard,single_32,price_query_batch64,2000,458,459,500,1625,0,0,oms
time,5,standard,single_32,price_query,20000,41,125,125,333,0,0,oms
time,5,standard,single_32,intent_to_command,20000,250,292,417,3916,0,0,oms
time,5,standard,single_32,queued_intent,20000,83,125,209,917,0,0,oms
time,5,standard,single_32,coalesced_intent,20000,83,84,167,1875,0,0,oms
time,5,standard,single_32,guarded_report_visible,20000,167,1042,1375,8000,0,0,oms
time,5,standard,single_32,report_transport_duplicate,20000,42,125,167,375,0,0,oms
time,5,standard,single_32,ready_to_command,20000,250,292,375,4000,0,0,oms
time,5,standard,single_128,price_query_batch64,2000,542,583,833,2208,0,0,oms
time,5,standard,single_128,price_query,20000,42,125,125,250,0,0,oms
time,5,standard,single_128,intent_to_command,20000,250,333,375,5166,0,0,oms
time,5,standard,single_128,queued_intent,20000,83,125,167,250,0,0,oms
time,5,standard,single_128,coalesced_intent,20000,83,84,166,4250,0,0,oms
time,5,standard,single_128,guarded_report_visible,20000,167,250,375,19500,0,0,oms
time,5,standard,single_128,report_transport_duplicate,20000,42,125,167,292,0,0,oms
time,5,standard,single_128,ready_to_command,20000,250,333,375,4209,0,0,oms
time,5,standard,single_1024,price_query_batch64,2000,583,584,834,2250,0,0,oms
time,5,standard,single_1024,price_query,20000,42,125,125,292,0,0,oms
time,5,standard,single_1024,intent_to_command,20000,291,375,1417,3625,0,0,oms
time,5,standard,single_1024,queued_intent,20000,83,125,1125,13791,0,0,oms
time,5,standard,single_1024,coalesced_intent,20000,83,125,1125,14084,0,0,oms
time,5,standard,single_1024,guarded_report_visible,20000,208,375,1375,29291,0,0,oms
time,5,standard,single_1024,report_transport_duplicate,20000,42,125,167,417,0,0,oms
time,5,standard,single_1024,ready_to_command,20000,291,417,1417,10042,0,0,oms
time,5,standard,fills,guarded_fill,20000,83,666,1000,15084,0,0,oms
time,5,standard,fills,fill_business_duplicate,20000,83,125,209,583,0,0,oms
time,5,standard,fills,fill_transport_duplicate,20000,42,125,208,375,0,0,oms
time,5,standard,baseline,timer,20000,0,42,42,209,0,0,oms
time,5,standard,locator_4,mixed_exact,20000,0,42,42,84,0,0,locator
time,5,standard,locator_4,existing_price_assign,20000,0,42,42,84,0,0,locator
time,5,standard,locator_4,range_up_to_8,20000,0,42,42,84,0,0,locator
time,5,standard,locator_4,remove_best_and_find_next,20000,0,42,42,1792,0,0,locator
time,5,standard,locator_4,reinsert_best,20000,0,42,42,208,0,0,locator
time,5,standard,locator_32,mixed_exact,20000,0,42,42,125,0,0,locator
time,5,standard,locator_32,existing_price_assign,20000,0,42,42,167,0,0,locator
time,5,standard,locator_32,range_up_to_8,20000,0,42,42,209,0,0,locator
time,5,standard,locator_32,remove_best_and_find_next,20000,41,42,42,166,0,0,locator
time,5,standard,locator_32,reinsert_best,20000,0,42,42,3375,0,0,locator
time,5,standard,locator_128,mixed_exact,20000,0,42,42,208,0,0,locator
time,5,standard,locator_128,existing_price_assign,20000,0,42,42,84,0,0,locator
time,5,standard,locator_128,range_up_to_8,20000,0,42,42,125,0,0,locator
time,5,standard,locator_128,remove_best_and_find_next,20000,41,42,42,5625,0,0,locator
time,5,standard,locator_128,reinsert_best,20000,0,42,42,208,0,0,locator
time,5,standard,locator_1024,mixed_exact,20000,41,42,42,167,0,0,locator
time,5,standard,locator_1024,existing_price_assign,20000,42,84,84,208,0,0,locator
time,5,standard,locator_1024,range_up_to_8,20000,41,42,83,167,0,0,locator
time,5,standard,locator_1024,remove_best_and_find_next,20000,42,42,42,209,0,0,locator
time,5,standard,locator_1024,reinsert_best,20000,0,42,42,125,0,0,locator
time,5,standard,sparse_growth,new_price,20000,83,125,1083,1583,0,0,locator
time,5,standard,sparse_growth,remove_best_and_find_next,20000,83,125,208,5041,0,0,locator
